STATION,DATE,LATITUDE,LONGITUDE,ELEVATION,NAME,TEMP,TEMP_ATTRIBUTES,DEWP,DEWP_ATTRIBUTES,SLP,SLP_ATTRIBUTES,STP,STP_ATTRIBUTES,VISIB,VISIB_ATTRIBUTES,WDSP,WDSP_ATTRIBUTES,MXSPD,GUST,MAX,MAX_ATTRIBUTES,MIN,MIN_ATTRIBUTES,PRCP,PRCP_ATTRIBUTES,SNDP,FRSHTT
72530094846,1/1/2021,41.96017,-87.93164,204.8,CHICAGO OHARE INTERNATIONAL AIRPORT - IL US,26.7,24,22.3,24,1022,18,996.3,24,5.6,24,7.6,24,18.1,25.1,35.1, ,18, ,0,G,1.2,11000
72530094846,1/2/2021,41.96017,-87.93164,204.8,CHICAGO OHARE INTERNATIONAL AIRPORT - IL US,32,24,28.5,24,1016.2,16,991,24,3.8,24,7.5,24,15,999.9,35.1, ,19.2, ,0.38,G,2,111000
72530094846,1/3/2021,41.96017,-87.93164,204.8,CHICAGO OHARE INTERNATIONAL AIRPORT - IL US,31.9,24,28.4,24,1015.4,18,990.2,24,5.1,24,5.5,24,8,999.9,35.1, ,29.1, ,0.02,G,2,1000
72530094846,1/4/2021,41.96017,-87.93164,204.8,CHICAGO OHARE INTERNATIONAL AIRPORT - IL US,26.9,24,23.3,24,1016.2,17,990.8,24,5.8,24,6.7,24,9.9,999.9,33.1, ,24.1, ,0.01,G,2,101000
72530094846,1/5/2021,41.96017,-87.93164,204.8,CHICAGO OHARE INTERNATIONAL AIRPORT - IL US,30.9,24,27.2,24,1018.3,17,992.4,24,6.2,24,6.3,24,11.1,999.9,37, ,24.1, ,0,G,2,11000
72530094846,1/6/2021,41.96017,-87.93164,204.8,CHICAGO OHARE INTERNATIONAL AIRPORT - IL US,33,24,27.5,24,1026.4,20,1.2,24,5.4,24,2.7,24,8,999.9,39, ,28.9, ,0,G,2,0
72530094846,1/7/2021,41.96017,-87.93164,204.8,CHICAGO OHARE INTERNATIONAL AIRPORT - IL US,35.3,24,28.3,24,1028.3,22,3,24,8.5,24,7.1,24,12,999.9,39, ,31.1, ,0,G,1.2,0
72530094846,1/8/2021,41.96017,-87.93164,204.8,CHICAGO OHARE INTERNATIONAL AIRPORT - IL US,33.8,24,26.7,24,1025.6,19,0.2,24,9.2,24,9.6,24,15,999.9,37.9, ,30.9, ,0,G,1.2,1000
72530094846,1/9/2021,41.96017,-87.93164,204.8,CHICAGO OHARE INTERNATIONAL AIRPORT - IL US,31.4,24,22.9,24,1025.5,24,0.4,24,10,24,8.2,24,13,19,37, ,28.9, ,0.02,G,1.2,0
72530094846,1/10/2021,41.96017,-87.93164,204.8,CHICAGO OHARE INTERNATIONAL AIRPORT - IL US,28.9,24,21.7,24,1027.1,22,1.6,24,10,24,4.2,24,7,999.9,37, ,28, ,0,G,1.2,0
72530094846,1/11/2021,41.96017,-87.93164,204.8,CHICAGO OHARE INTERNATIONAL AIRPORT - IL US,25.2,24,19.8,24,1025.5,24,0,24,8.7,24,9.9,24,15.9,25.1,28.9, ,21.9, ,0,G,1.2,0
72530094846,1/12/2021,41.96017,-87.93164,204.8,CHICAGO OHARE INTERNATIONAL AIRPORT - IL US,30.7,24,24.8,24,1019,24,993.7,24,9.7,24,11.2,24,15,22.9,37, ,21.9, ,0,G,1.2,0
72530094846,1/13/2021,41.96017,-87.93164,204.8,CHICAGO OHARE INTERNATIONAL AIRPORT - IL US,34.5,24,28.2,24,1012.2,24,986.9,24,9.5,24,7.9,24,12,17.1,41, ,27, ,0,G,1.2,0
72530094846,1/14/2021,41.96017,-87.93164,204.8,CHICAGO OHARE INTERNATIONAL AIRPORT - IL US,36.3,24,30.5,24,1002.8,24,977.9,24,9.6,24,6.4,24,12,20,41, ,31.1, ,0,G,1.2,10000
72530094846,1/15/2021,41.96017,-87.93164,204.8,CHICAGO OHARE INTERNATIONAL AIRPORT - IL US,35.4,24,30.7,24,997.8,17,973.1,24,9.4,24,7.5,24,13,22,39.9, ,32, ,0.14,G,999.9,11000
72530094846,1/16/2021,41.96017,-87.93164,204.8,CHICAGO OHARE INTERNATIONAL AIRPORT - IL US,33,24,28.9,24,1002.6,16,977.7,24,7.3,24,6.2,24,11.1,999.9,39, ,30, ,0.06,G,1.2,11000
72530094846,1/17/2021,41.96017,-87.93164,204.8,CHICAGO OHARE INTERNATIONAL AIRPORT - IL US,31.9,24,28,24,1006,18,981.2,24,6,24,5.9,24,8.9,999.9,36,*,28.4,*,0.03,G,1.2,11000
72530094846,1/18/2021,41.96017,-87.93164,204.8,CHICAGO OHARE INTERNATIONAL AIRPORT - IL US,28.4,24,22.9,24,1010.8,20,985.6,24,9.1,24,7.7,24,13,19,32,*,26.6,*,0.04,G,1.2,1000
72530094846,1/19/2021,41.96017,-87.93164,204.8,CHICAGO OHARE INTERNATIONAL AIRPORT - IL US,24.3,24,16.9,24,1019.9,22,994.7,24,9.3,24,7.7,24,12,21,30, ,19.9, ,0,G,1.2,1000
72530094846,1/20/2021,41.96017,-87.93164,204.8,CHICAGO OHARE INTERNATIONAL AIRPORT - IL US,22.7,24,14.7,24,1020.7,20,995.1,24,8.3,24,10.2,24,19,28.9,32, ,12.9, ,0.05,G,1.2,101000
72530094846,1/21/2021,41.96017,-87.93164,204.8,CHICAGO OHARE INTERNATIONAL AIRPORT - IL US,34,24,23.4,24,1007.2,24,982.3,24,10,24,13.8,24,22.9,32.1,39,*,30,*,0,G,1.2,0
72530094846,1/22/2021,41.96017,-87.93164,204.8,CHICAGO OHARE INTERNATIONAL AIRPORT - IL US,22.8,24,9.7,24,1016.2,24,991.6,24,10,24,10.8,24,17.1,22.9,39, ,14, ,0,G,1.2,0
72530094846,1/23/2021,41.96017,-87.93164,204.8,CHICAGO OHARE INTERNATIONAL AIRPORT - IL US,17.1,24,3.3,24,1027.9,24,2,24,10,24,4.3,24,8.9,999.9,30, ,10, ,0,G,999.9,0
72530094846,1/24/2021,41.96017,-87.93164,204.8,CHICAGO OHARE INTERNATIONAL AIRPORT - IL US,29.7,24,19.8,24,1021.1,20,995.5,24,8.6,24,6.2,24,11.1,999.9,34,*,27,*,0.01,G,999.9,1000
72530094846,1/25/2021,41.96017,-87.93164,204.8,CHICAGO OHARE INTERNATIONAL AIRPORT - IL US,30.9,24,23.3,24,1017.9,22,992.5,24,9.8,24,9.4,24,18.1,26,34, ,28, ,0.01,G,999.9,1000
72530094846,1/26/2021,41.96017,-87.93164,204.8,CHICAGO OHARE INTERNATIONAL AIRPORT - IL US,31,24,26.9,24,1010.4,11,985.6,24,2.5,24,15.7,24,21,31.1,34, ,28, ,0.11,G,5.9,101000
72530094846,1/27/2021,41.96017,-87.93164,204.8,CHICAGO OHARE INTERNATIONAL AIRPORT - IL US,24.3,24,16.7,24,1025.6,21,0.3,24,10,24,11.1,24,19,21,32, ,19.9, ,0.07,G,5.1,0
72530094846,1/28/2021,41.96017,-87.93164,204.8,CHICAGO OHARE INTERNATIONAL AIRPORT - IL US,16.8,24,4.8,24,1036.1,23,10,24,10,24,6.6,24,11.1,999.9,27, ,8.1, ,0,G,5.1,0
72530094846,1/29/2021,41.96017,-87.93164,204.8,CHICAGO OHARE INTERNATIONAL AIRPORT - IL US,22,24,9.1,24,1032,24,5.9,24,10,24,3.8,24,9.9,999.9,32, ,8.1, ,0,G,5.1,0
72530094846,1/30/2021,41.96017,-87.93164,204.8,CHICAGO OHARE INTERNATIONAL AIRPORT - IL US,30.5,24,19.8,24,1021.7,22,995.3,24,9.2,24,11.1,24,21,32.1,34, ,17.1, ,0,G,5.1,1000
72530094846,1/31/2021,41.96017,-87.93164,204.8,CHICAGO OHARE INTERNATIONAL AIRPORT - IL US,30.7,24,27.6,24,1012.4,19,987.5,24,1,24,15.3,24,21,29.9,34, ,28.9, ,0.32,G,15,101000
72530094846,2/1/2021,41.96017,-87.93164,204.8,CHICAGO OHARE INTERNATIONAL AIRPORT - IL US,29.5,24,23.4,24,1021.2,20,996.1,24,9.2,24,11.5,24,17.1,28.9,33.1, ,25, ,0.04,G,13,1000
72530094846,2/2/2021,41.96017,-87.93164,204.8,CHICAGO OHARE INTERNATIONAL AIRPORT - IL US,26,24,17.6,24,1024.4,24,998.9,24,10,24,8.6,24,12,999.9,33.1, ,21, ,0,G,11.8,0
72530094846,2/3/2021,41.96017,-87.93164,204.8,CHICAGO OHARE INTERNATIONAL AIRPORT - IL US,25.5,24,16.8,24,1021.2,22,996,24,10,24,3.9,24,9.9,999.9,36, ,17.1, ,0,G,11,0
72530094846,2/4/2021,41.96017,-87.93164,204.8,CHICAGO OHARE INTERNATIONAL AIRPORT - IL US,32.2,24,24.1,24,1008.5,22,981.7,24,8,24,10.2,24,21,28.9,39, ,17.1, ,0,G,11,101000
72530094846,2/5/2021,41.96017,-87.93164,204.8,CHICAGO OHARE INTERNATIONAL AIRPORT - IL US,17.1,24,9.6,24,1003.9,19,976.9,24,7.5,24,16.9,24,26,42.9,39, ,10, ,0.17,G,11,1000
72530094846,2/6/2021,41.96017,-87.93164,204.8,CHICAGO OHARE INTERNATIONAL AIRPORT - IL US,8.7,24,0,24,1015.6,21,990.5,24,8.9,24,9.5,24,17.1,28.9,19, ,3, ,0,G,11,1000
72530094846,2/7/2021,41.96017,-87.93164,204.8,CHICAGO OHARE INTERNATIONAL AIRPORT - IL US,1.3,24,-9.1,24,1023.9,23,997.5,24,8.8,24,8.6,24,11.1,18.1,12, ,-7.1, ,0.07,G,11,1000
72530094846,2/8/2021,41.96017,-87.93164,204.8,CHICAGO OHARE INTERNATIONAL AIRPORT - IL US,5.4,24,-4.7,24,1027.5,24,1,24,7.8,24,2.5,24,8.9,999.9,15.1, ,-6, ,0,G,14.2,1000
72530094846,2/9/2021,41.96017,-87.93164,204.8,CHICAGO OHARE INTERNATIONAL AIRPORT - IL US,8.2,24,-3.5,24,1028.6,21,2.1,24,8.3,24,7.7,24,14,999.9,18, ,0, ,0.08,G,13,1000
72530094846,2/10/2021,41.96017,-87.93164,204.8,CHICAGO OHARE INTERNATIONAL AIRPORT - IL US,9.7,24,-1.8,24,1030.2,22,3.9,24,8.7,24,5.9,24,11.1,999.9,18, ,0, ,0,G,13,1000
72530094846,2/11/2021,41.96017,-87.93164,204.8,CHICAGO OHARE INTERNATIONAL AIRPORT - IL US,11.7,24,0.9,24,1031,18,4.7,24,8.5,24,10.6,24,15.9,999.9,21.2,*,1.9,*,0.03,G,13,1000
72530094846,2/12/2021,41.96017,-87.93164,204.8,CHICAGO OHARE INTERNATIONAL AIRPORT - IL US,13.8,24,6.2,24,1029.4,22,3.2,24,8.7,24,8.3,24,14,999.9,17.6,*,10,*,0.01,G,11.8,1000
72530094846,2/13/2021,41.96017,-87.93164,204.8,CHICAGO OHARE INTERNATIONAL AIRPORT - IL US,7.8,24,0.3,24,1028.7,10,2.2,24,3.9,24,8.2,24,13,999.9,17.1, ,5, ,0.03,G,15,1000
72530094846,2/14/2021,41.96017,-87.93164,204.8,CHICAGO OHARE INTERNATIONAL AIRPORT - IL US,0.1,24,-12.2,24,1031.8,24,5.5,24,9.8,24,9.4,24,13,999.9,12, ,-5.1, ,0.06,G,15,1000
72530094846,2/15/2021,41.96017,-87.93164,204.8,CHICAGO OHARE INTERNATIONAL AIRPORT - IL US,3.5,24,-4.1,24,1029.7,12,3.9,24,2.8,24,13.3,24,20,28.9,12, ,-5.1, ,0.03,G,16.9,1000
72530094846,2/16/2021,41.96017,-87.93164,204.8,CHICAGO OHARE INTERNATIONAL AIRPORT - IL US,11.6,24,4.5,24,1019.3,22,993,24,5.1,24,11.3,24,18.1,27,19.9, ,0, ,0.19,G,20.1,1000
72530094846,2/17/2021,41.96017,-87.93164,204.8,CHICAGO OHARE INTERNATIONAL AIRPORT - IL US,15.5,24,4.9,24,1027.5,24,1.6,24,10,24,3.9,24,8,999.9,27, ,6.1, ,0.01,G,18.1,0
72530094846,2/18/2021,41.96017,-87.93164,204.8,CHICAGO OHARE INTERNATIONAL AIRPORT - IL US,20.6,24,12.3,24,1028.4,15,2.3,24,6,24,5.1,24,8,999.9,27, ,8.1, ,0.01,G,18.1,1000
72530094846,2/19/2021,41.96017,-87.93164,204.8,CHICAGO OHARE INTERNATIONAL AIRPORT - IL US,16.2,24,7.9,24,1026.6,24,0.8,24,9.5,24,7,24,12,18.1,21,*,8.1,*,0.03,G,16.9,1000
72530094846,2/20/2021,41.96017,-87.93164,204.8,CHICAGO OHARE INTERNATIONAL AIRPORT - IL US,16.8,24,8,24,1027.9,24,1.9,24,7.8,24,4.7,24,8,999.9,28.9,*,6.1,*,0,G,16.1,1000
72530094846,2/21/2021,41.96017,-87.93164,204.8,CHICAGO OHARE INTERNATIONAL AIRPORT - IL US,25.6,24,16.1,24,1024.3,22,997.7,24,9.1,24,8,24,14,24.1,37,*,17.1,*,0,G,16.1,101000
72530094846,2/22/2021,41.96017,-87.93164,204.8,CHICAGO OHARE INTERNATIONAL AIRPORT - IL US,32.7,24,27.6,24,1008,19,983.2,24,6,24,13.1,24,17.1,27,37.9, ,17.2, ,0.26,G,14.2,11000
72530094846,2/23/2021,41.96017,-87.93164,204.8,CHICAGO OHARE INTERNATIONAL AIRPORT - IL US,40.4,24,30.3,24,1006.6,24,982.3,24,9.9,24,10.5,24,15.9,25.1,46.9, ,28.9, ,0,G,11,0
72530094846,2/24/2021,41.96017,-87.93164,204.8,CHICAGO OHARE INTERNATIONAL AIRPORT - IL US,42,24,32.1,24,1009.1,24,984.7,24,10,24,10.3,24,15.9,22.9,46.9, ,37.9, ,0,G,7.1,0
72530094846,2/25/2021,41.96017,-87.93164,204.8,CHICAGO OHARE INTERNATIONAL AIRPORT - IL US,33.9,24,23.9,24,1025.6,24,0.5,24,10,24,6.4,24,14,21,45, ,27, ,0,G,5.9,0
72530094846,2/26/2021,41.96017,-87.93164,204.8,CHICAGO OHARE INTERNATIONAL AIRPORT - IL US,33.6,24,21.3,24,1023.7,24,997.9,24,10,24,6.4,24,12,999.9,43, ,24.1, ,0,G,5.1,0
72530094846,2/27/2021,41.96017,-87.93164,204.8,CHICAGO OHARE INTERNATIONAL AIRPORT - IL US,40.3,24,31.2,24,1014.2,22,989.5,24,7.9,24,6.5,24,9.9,999.9,52, ,24.3, ,0.02,G,3.9,11000
72530094846,2/28/2021,41.96017,-87.93164,204.8,CHICAGO OHARE INTERNATIONAL AIRPORT - IL US,42.8,24,38.2,24,1011.9,19,986,24,6.2,24,8.1,24,19,31.1,52, ,33.1, ,0,G,1.2,10000
72530094846,3/1/2021,41.96017,-87.93164,204.8,CHICAGO OHARE INTERNATIONAL AIRPORT - IL US,32.5,24,21.7,24,1020,24,994.7,24,10,24,9.8,24,15.9,24.1,48.9, ,26.1, ,0.01,G,3.1,0
72530094846,3/2/2021,41.96017,-87.93164,204.8,CHICAGO OHARE INTERNATIONAL AIRPORT - IL US,29.6,24,14.5,24,1026.2,24,0.2,24,10,24,6.9,24,18.1,28,43, ,21.9, ,0,G,999.9,0
72530094846,3/3/2021,41.96017,-87.93164,204.8,CHICAGO OHARE INTERNATIONAL AIRPORT - IL US,44.3,24,30.1,24,1014.6,24,990,24,10,24,8.6,24,14,22,59, ,22.1, ,0,G,999.9,0
72530094846,3/4/2021,41.96017,-87.93164,204.8,CHICAGO OHARE INTERNATIONAL AIRPORT - IL US,35.7,24,27,24,1024.9,21,999.6,24,9.8,24,11,24,17.1,24.1,59, ,30.9, ,0,G,999.9,0
72530094846,3/5/2021,41.96017,-87.93164,204.8,CHICAGO OHARE INTERNATIONAL AIRPORT - IL US,34.1,24,20.2,24,1028.3,24,2.9,24,10,24,6.3,24,12,20,48.9, ,24.1, ,0,G,999.9,0
72530094846,3/6/2021,41.96017,-87.93164,204.8,CHICAGO OHARE INTERNATIONAL AIRPORT - IL US,36.5,24,22.9,24,1027.5,24,2.3,24,10,24,3,24,11.1,999.9,48.9, ,25.2, ,0,G,999.9,0
72530094846,3/7/2021,41.96017,-87.93164,204.8,CHICAGO OHARE INTERNATIONAL AIRPORT - IL US,36.5,24,22.2,24,1028.6,24,3.3,24,10,24,4.5,24,12,15,52, ,26.1, ,0,G,999.9,0
72530094846,3/8/2021,41.96017,-87.93164,204.8,CHICAGO OHARE INTERNATIONAL AIRPORT - IL US,50.8,24,32.3,24,1025.3,24,0.3,24,10,24,10.9,24,18.1,27,62.1,*,44.1,*,0,G,999.9,0
72530094846,3/9/2021,41.96017,-87.93164,204.8,CHICAGO OHARE INTERNATIONAL AIRPORT - IL US,52.6,24,36.1,24,1024,24,999,24,10,24,5.9,24,18.1,31.1,69.1, ,39.9, ,0,G,999.9,0
72530094846,3/10/2021,41.96017,-87.93164,204.8,CHICAGO OHARE INTERNATIONAL AIRPORT - IL US,61,24,42.5,24,1014.7,24,990.1,24,10,24,14.7,24,20,35,69.1,*,57,*,0,G,999.9,10000
72530094846,3/11/2021,41.96017,-87.93164,204.8,CHICAGO OHARE INTERNATIONAL AIRPORT - IL US,55.3,24,43.5,24,1013.6,23,989.1,24,10,24,16.1,24,26,47,69.1, ,45, ,0.16,G,999.9,10000
72530094846,3/12/2021,41.96017,-87.93164,204.8,CHICAGO OHARE INTERNATIONAL AIRPORT - IL US,45.2,24,29.1,24,1027.4,24,2.6,24,10,24,7.4,24,11.1,999.9,64, ,37, ,0,I,999.9,0
72530094846,3/13/2021,41.96017,-87.93164,204.8,CHICAGO OHARE INTERNATIONAL AIRPORT - IL US,43.2,24,24.7,24,1031,24,5.7,24,10,24,4.8,24,8.9,999.9,59, ,30.9, ,0,G,999.9,0
72530094846,3/14/2021,41.96017,-87.93164,204.8,CHICAGO OHARE INTERNATIONAL AIRPORT - IL US,45.4,24,26.4,24,1027.5,24,2.6,24,10,24,11.8,24,22.9,31.1,59, ,31.1, ,0,G,999.9,0
72530094846,3/15/2021,41.96017,-87.93164,204.8,CHICAGO OHARE INTERNATIONAL AIRPORT - IL US,35,24,22.6,24,1025.9,19,999.2,24,7.9,24,16,24,22.9,31.1,48, ,28.9, ,0,G,2,111000
72530094846,3/16/2021,41.96017,-87.93164,204.8,CHICAGO OHARE INTERNATIONAL AIRPORT - IL US,34.8,24,30.1,24,1016.3,11,990.7,24,5.5,24,6.4,24,17.1,26,39.9, ,28.9, ,0.23,G,1.2,10000
72530094846,3/17/2021,41.96017,-87.93164,204.8,CHICAGO OHARE INTERNATIONAL AIRPORT - IL US,35.7,24,30.3,24,1016.8,23,991.6,24,7.5,24,8,24,20,25.1,39, ,33.1, ,0,G,1.2,10000
72530094846,3/18/2021,41.96017,-87.93164,204.8,CHICAGO OHARE INTERNATIONAL AIRPORT - IL US,38.6,24,33.2,24,1014.5,23,989.6,24,7.9,24,23.8,24,31.1,42.9,43, ,34, ,0.4,G,999.9,10000
72530094846,3/19/2021,41.96017,-87.93164,204.8,CHICAGO OHARE INTERNATIONAL AIRPORT - IL US,39,24,21.4,24,1030.6,24,5.5,24,10,24,14,24,22.9,31.1,45, ,35.1, ,0.03,G,999.9,0
72530094846,3/20/2021,41.96017,-87.93164,204.8,CHICAGO OHARE INTERNATIONAL AIRPORT - IL US,40.9,24,23.1,24,1033.3,24,7.8,24,10,24,4.5,24,11.1,999.9,57.9, ,28, ,0,G,999.9,0
72530094846,3/21/2021,41.96017,-87.93164,204.8,CHICAGO OHARE INTERNATIONAL AIRPORT - IL US,49.8,24,26.8,24,1026.8,24,1.6,24,10,24,7.8,24,15,22.9,64.9, ,28.2, ,0,G,999.9,0
72530094846,3/22/2021,41.96017,-87.93164,204.8,CHICAGO OHARE INTERNATIONAL AIRPORT - IL US,56.5,24,29,24,1018.8,24,994.1,24,10,24,9.5,24,14,26,68, ,37, ,0,G,999.9,0
72530094846,3/23/2021,41.96017,-87.93164,204.8,CHICAGO OHARE INTERNATIONAL AIRPORT - IL US,56.8,24,41,24,1013,24,988.3,24,9.6,24,7,24,15,22.9,68, ,46, ,0,G,999.9,10000
72530094846,3/24/2021,41.96017,-87.93164,204.8,CHICAGO OHARE INTERNATIONAL AIRPORT - IL US,55.2,24,48.5,24,1004.2,18,980,24,9.5,24,13.4,24,21,35.9,64, ,50, ,0.24,G,999.9,10000
72530094846,3/25/2021,41.96017,-87.93164,204.8,CHICAGO OHARE INTERNATIONAL AIRPORT - IL US,47,24,40,24,1011.3,20,986.8,24,9.8,24,8.4,24,15.9,27,57.9, ,42.1, ,0.01,G,999.9,10000
72530094846,3/26/2021,41.96017,-87.93164,204.8,CHICAGO OHARE INTERNATIONAL AIRPORT - IL US,39.3,24,33.9,24,1012.8,22,987.8,24,9.6,24,9.6,24,22,28,50, ,35.1, ,0.18,G,999.9,10000
72530094846,3/27/2021,41.96017,-87.93164,204.8,CHICAGO OHARE INTERNATIONAL AIRPORT - IL US,47.2,24,39.6,24,1015.2,21,990.6,24,8.8,24,6.5,24,15.9,24.1,66, ,35.1, ,0,G,999.9,0
72530094846,3/28/2021,41.96017,-87.93164,204.8,CHICAGO OHARE INTERNATIONAL AIRPORT - IL US,47.6,24,34,24,1011.2,19,985.9,24,9.9,24,15,24,24.1,34,66, ,36, ,0,G,999.9,10000
72530094846,3/29/2021,41.96017,-87.93164,204.8,CHICAGO OHARE INTERNATIONAL AIRPORT - IL US,43.6,24,25.7,24,1019.1,24,993.8,24,10,24,9.7,24,20,36.9,62.1, ,30.9, ,0,G,999.9,0
72530094846,3/30/2021,41.96017,-87.93164,204.8,CHICAGO OHARE INTERNATIONAL AIRPORT - IL US,56.8,24,35.1,24,1008.6,24,984.3,24,10,24,17.5,24,22.9,38.1,66.9,*,48.9,*,0,G,999.9,0
72530094846,3/31/2021,41.96017,-87.93164,204.8,CHICAGO OHARE INTERNATIONAL AIRPORT - IL US,42.1,24,18.8,24,1018.3,24,994,24,10,24,11.7,24,15.9,25.1,68, ,34, ,0,G,999.9,10000
72530094846,4/1/2021,41.96017,-87.93164,204.8,CHICAGO OHARE INTERNATIONAL AIRPORT - IL US,33.4,24,12.4,24,1030.4,24,5.3,24,10,24,12.3,24,15.9,22.9,44.1, ,24.1, ,0,G,999.9,0
72530094846,4/2/2021,41.96017,-87.93164,204.8,CHICAGO OHARE INTERNATIONAL AIRPORT - IL US,36,24,16.1,24,1033.2,24,7.4,24,10,24,5.9,24,14,19,51.1, ,24.1, ,0,G,999.9,0
72530094846,4/3/2021,41.96017,-87.93164,204.8,CHICAGO OHARE INTERNATIONAL AIRPORT - IL US,51.3,24,23,24,1022.1,24,997,24,10,24,12.9,24,18.1,28,71.1, ,26.2, ,0,G,999.9,0
72530094846,4/4/2021,41.96017,-87.93164,204.8,CHICAGO OHARE INTERNATIONAL AIRPORT - IL US,59.8,24,37.1,24,1019.8,24,995.2,24,10,24,4.4,24,13,21,75.9, ,39.9, ,0,G,999.9,0
72530094846,4/5/2021,41.96017,-87.93164,204.8,CHICAGO OHARE INTERNATIONAL AIRPORT - IL US,67,24,46.7,24,1013.5,24,989.2,24,10,24,9.9,24,17.1,24.1,75.9,*,60.1,*,0,G,999.9,10000
72530094846,4/6/2021,41.96017,-87.93164,204.8,CHICAGO OHARE INTERNATIONAL AIRPORT - IL US,69.7,24,48.4,24,1010.6,24,986.6,24,10,24,9.5,24,14,24.1,81, ,59, ,0,G,999.9,0
72530094846,4/7/2021,41.96017,-87.93164,204.8,CHICAGO OHARE INTERNATIONAL AIRPORT - IL US,70.2,24,51.6,24,1008.9,24,984.7,24,10,24,8.7,24,15.9,32.1,82, ,59, ,0,G,999.9,10000
72530094846,4/8/2021,41.96017,-87.93164,204.8,CHICAGO OHARE INTERNATIONAL AIRPORT - IL US,63.5,24,54.9,24,1002.4,17,978,24,9.2,24,7.6,24,15,24.1,82, ,55, ,0.03,G,999.9,10000
72530094846,4/9/2021,41.96017,-87.93164,204.8,CHICAGO OHARE INTERNATIONAL AIRPORT - IL US,54.1,24,46.9,24,1002.6,16,978.4,24,9.4,24,10.8,24,19,31.1,69.1, ,51.1, ,0.33,G,999.9,10000
72530094846,4/10/2021,41.96017,-87.93164,204.8,CHICAGO OHARE INTERNATIONAL AIRPORT - IL US,52.8,24,47.3,24,1004.1,19,978.7,24,8.6,24,7.4,24,15,22,62.1, ,46.9, ,0,G,999.9,10000
72530094846,4/11/2021,41.96017,-87.93164,204.8,CHICAGO OHARE INTERNATIONAL AIRPORT - IL US,50.1,24,44.3,24,994.1,20,969.8,24,9.3,24,4.7,24,9.9,999.9,55.9, ,45, ,0.26,G,999.9,10000
72530094846,4/12/2021,41.96017,-87.93164,204.8,CHICAGO OHARE INTERNATIONAL AIRPORT - IL US,54.5,24,43.8,24,1004.9,18,980.3,24,9.8,24,8.9,24,19,29.9,62.1, ,45, ,0.01,G,999.9,10000
72530094846,4/13/2021,41.96017,-87.93164,204.8,CHICAGO OHARE INTERNATIONAL AIRPORT - IL US,49.4,24,32.8,24,1016.7,24,992.3,24,10,24,10.1,24,17.1,28,62.1, ,42.1, ,0,G,999.9,0
72530094846,4/14/2021,41.96017,-87.93164,204.8,CHICAGO OHARE INTERNATIONAL AIRPORT - IL US,44.3,24,26.4,24,1019.4,24,994.6,24,10,24,8.2,24,15.9,22,54, ,36, ,0,G,999.9,0
72530094846,4/15/2021,41.96017,-87.93164,204.8,CHICAGO OHARE INTERNATIONAL AIRPORT - IL US,44.7,24,30.6,24,1017,23,992.2,24,10,24,9.4,24,14,21,55.9, ,36, ,0,G,999.9,0
72530094846,4/16/2021,41.96017,-87.93164,204.8,CHICAGO OHARE INTERNATIONAL AIRPORT - IL US,46.9,24,35.3,24,1015.9,24,991.1,24,10,24,5.4,24,9.9,999.9,57, ,39, ,0,G,999.9,0
72530094846,4/17/2021,41.96017,-87.93164,204.8,CHICAGO OHARE INTERNATIONAL AIRPORT - IL US,44.1,24,33.3,24,1014.5,24,989.8,24,10,24,6.4,24,11.1,999.9,57, ,35.1, ,0,G,999.9,0
72530094846,4/18/2021,41.96017,-87.93164,204.8,CHICAGO OHARE INTERNATIONAL AIRPORT - IL US,49.2,24,27.3,24,1013.4,24,988.6,24,10,24,4.5,24,11.1,15.9,62.1, ,35.1, ,0,G,999.9,0
72530094846,4/19/2021,41.96017,-87.93164,204.8,CHICAGO OHARE INTERNATIONAL AIRPORT - IL US,50.9,24,31.9,24,1010.1,24,985.8,24,10,24,9.4,24,14,21,62.1, ,39, ,0,G,999.9,10000
72530094846,4/20/2021,41.96017,-87.93164,204.8,CHICAGO OHARE INTERNATIONAL AIRPORT - IL US,40.2,24,24,24,1016.7,21,992.3,24,9.1,24,6.9,24,12,999.9,52, ,34, ,0,G,999.9,1000
72530094846,4/21/2021,41.96017,-87.93164,204.8,CHICAGO OHARE INTERNATIONAL AIRPORT - IL US,39.1,24,23.9,24,1018.9,24,993.9,24,9.7,24,7.8,24,22,33,50, ,34, ,0,G,999.9,0
72530094846,4/22/2021,41.96017,-87.93164,204.8,CHICAGO OHARE INTERNATIONAL AIRPORT - IL US,41.7,24,25.5,24,1018.9,24,993.9,24,9.8,24,6.3,24,15,22.9,60.1, ,32, ,0,G,999.9,0
72530094846,4/23/2021,41.96017,-87.93164,204.8,CHICAGO OHARE INTERNATIONAL AIRPORT - IL US,52.8,24,27.1,24,1016.7,24,992,24,10,24,9.9,24,15,22.9,62.1, ,32, ,0,G,999.9,0
72530094846,4/24/2021,41.96017,-87.93164,204.8,CHICAGO OHARE INTERNATIONAL AIRPORT - IL US,55.4,24,40.9,24,1012.1,24,987.5,24,10,24,3.3,24,14,999.9,64, ,43, ,0,G,999.9,10000
72530094846,4/25/2021,41.96017,-87.93164,204.8,CHICAGO OHARE INTERNATIONAL AIRPORT - IL US,46.2,24,33.6,24,1016.3,20,991.7,24,9.9,24,10.4,24,18.1,20,64, ,39.9, ,0,G,999.9,10000
72530094846,4/26/2021,41.96017,-87.93164,204.8,CHICAGO OHARE INTERNATIONAL AIRPORT - IL US,52.8,24,31.7,24,1015.2,24,990,24,10,24,12.2,24,24.1,41,79, ,39, ,0,G,999.9,0
72530094846,4/27/2021,41.96017,-87.93164,204.8,CHICAGO OHARE INTERNATIONAL AIRPORT - IL US,73.3,24,50.3,24,1005.9,24,982,24,10,24,13.2,24,17.1,27,86,*,64.9,*,0,G,999.9,0
72530094846,4/28/2021,41.96017,-87.93164,204.8,CHICAGO OHARE INTERNATIONAL AIRPORT - IL US,52.3,24,43.7,24,1009.7,19,986.4,22,9.5,24,8.8,24,17.1,999.9,9999.9, ,46.4,*,0,G,999.9,10000
72530094846,4/29/2021,41.96017,-87.93164,204.8,CHICAGO OHARE INTERNATIONAL AIRPORT - IL US,53.5,24,45.2,24,1010.4,21,986,24,9.2,24,8.3,24,12,15.9,71.1, ,46.9, ,0.04,G,999.9,10000
72530094846,4/30/2021,41.96017,-87.93164,204.8,CHICAGO OHARE INTERNATIONAL AIRPORT - IL US,53.1,24,37.4,24,1017.5,24,993.3,24,10,24,10.4,24,22.9,27,71.1, ,46.9, ,0.04,G,999.9,0
72530094846,5/1/2021,41.96017,-87.93164,204.8,CHICAGO OHARE INTERNATIONAL AIRPORT - IL US,55.9,24,34.3,24,1015.4,24,990.2,24,10,24,12.8,24,27,41,84.9, ,42.1, ,0,G,999.9,0
72530094846,5/2/2021,41.96017,-87.93164,204.8,CHICAGO OHARE INTERNATIONAL AIRPORT - IL US,74.4,24,50.4,24,1003.5,24,979.6,24,10,24,13.6,24,22,29.9,84,*,63,*,0,G,999.9,0
72530094846,5/3/2021,41.96017,-87.93164,204.8,CHICAGO OHARE INTERNATIONAL AIRPORT - IL US,65.4,24,57,24,1001.5,23,977.7,24,9.5,24,9.7,24,19,28.9,84.9, ,59, ,0.01,G,999.9,10000
72530094846,5/4/2021,41.96017,-87.93164,204.8,CHICAGO OHARE INTERNATIONAL AIRPORT - IL US,56.9,24,51,24,1007.8,22,983.3,24,9.9,24,8,24,11.1,15,73, ,52, ,0.06,G,999.9,10000
72530094846,5/5/2021,41.96017,-87.93164,204.8,CHICAGO OHARE INTERNATIONAL AIRPORT - IL US,51.2,24,37.1,24,1017.1,24,992.7,24,10,24,7.9,24,15,22,61, ,41, ,0,G,999.9,0
72530094846,5/6/2021,41.96017,-87.93164,204.8,CHICAGO OHARE INTERNATIONAL AIRPORT - IL US,49.2,24,35.2,24,1019.5,22,994.7,24,10,24,7.2,24,13,999.9,61, ,41, ,0.05,G,999.9,10000
72530094846,5/7/2021,41.96017,-87.93164,204.8,CHICAGO OHARE INTERNATIONAL AIRPORT - IL US,50.2,24,32.4,24,1016.3,23,991.7,24,10,24,8,24,17.1,24.1,60.1, ,44.1, ,0.01,G,999.9,0
72530094846,5/8/2021,41.96017,-87.93164,204.8,CHICAGO OHARE INTERNATIONAL AIRPORT - IL US,45,24,32.5,24,1019.7,24,994.9,24,9.6,24,6,24,15,999.9,60.1, ,37, ,0,G,999.9,0
72530094846,5/9/2021,41.96017,-87.93164,204.8,CHICAGO OHARE INTERNATIONAL AIRPORT - IL US,46.1,24,34.8,24,1014.7,20,990,24,9.4,24,10.7,24,17.1,24.1,57, ,37, ,0.12,G,999.9,10000
72530094846,5/10/2021,41.96017,-87.93164,204.8,CHICAGO OHARE INTERNATIONAL AIRPORT - IL US,46.2,24,33.4,24,1019.6,24,995.1,24,10,24,7.8,24,15,15.9,57, ,39, ,0.1,G,999.9,0
72530094846,5/11/2021,41.96017,-87.93164,204.8,CHICAGO OHARE INTERNATIONAL AIRPORT - IL US,46.3,24,30.2,24,1025.9,24,1.2,24,10,24,7.4,24,15.9,22,55.9, ,36, ,0,G,999.9,0
72530094846,5/12/2021,41.96017,-87.93164,204.8,CHICAGO OHARE INTERNATIONAL AIRPORT - IL US,49.8,24,27,24,1030.7,24,5.7,24,10,24,4.8,24,12,17.1,62.1, ,36, ,0,G,999.9,0
72530094846,5/13/2021,41.96017,-87.93164,204.8,CHICAGO OHARE INTERNATIONAL AIRPORT - IL US,55.4,24,24.1,24,1029.1,24,4.2,24,10,24,4,24,8.9,999.9,70, ,37, ,0,G,999.9,0
72530094846,5/14/2021,41.96017,-87.93164,204.8,CHICAGO OHARE INTERNATIONAL AIRPORT - IL US,60.3,24,27.5,24,1025.7,24,1.1,24,10,24,5.5,24,11.1,999.9,71.1, ,41, ,0,G,999.9,0
72530094846,5/15/2021,41.96017,-87.93164,204.8,CHICAGO OHARE INTERNATIONAL AIRPORT - IL US,58.6,24,37.9,24,1022.8,24,998.2,24,10,24,6.9,24,12,24.1,71.1, ,48, ,0,G,999.9,10000
72530094846,5/16/2021,41.96017,-87.93164,204.8,CHICAGO OHARE INTERNATIONAL AIRPORT - IL US,61.7,24,47,24,1021.1,24,996.6,24,10,24,3.5,24,8,999.9,72, ,55, ,0.01,G,999.9,0
72530094846,5/17/2021,41.96017,-87.93164,204.8,CHICAGO OHARE INTERNATIONAL AIRPORT - IL US,63.5,24,48.7,24,1021,24,996.7,24,10,24,5.9,24,11.1,999.9,72, ,55, ,0,G,999.9,0
72530094846,5/18/2021,41.96017,-87.93164,204.8,CHICAGO OHARE INTERNATIONAL AIRPORT - IL US,65.2,24,54.6,24,1022.1,24,997.7,24,10,24,8.8,24,18.1,24.1,75.9, ,55.9, ,0,G,999.9,10000
72530094846,5/19/2021,41.96017,-87.93164,204.8,CHICAGO OHARE INTERNATIONAL AIRPORT - IL US,68.7,24,61.2,24,1021.1,24,997,24,9.6,24,9.5,24,15.9,26,75.9, ,57.9, ,0.07,G,999.9,10000
72530094846,5/20/2021,41.96017,-87.93164,204.8,CHICAGO OHARE INTERNATIONAL AIRPORT - IL US,74.1,24,60.4,24,1022.6,24,998.4,24,10,24,9.2,24,17.1,25.1,86, ,66, ,0.04,G,999.9,10000
72530094846,5/21/2021,41.96017,-87.93164,204.8,CHICAGO OHARE INTERNATIONAL AIRPORT - IL US,77.3,24,58.3,24,1024.7,24,0.7,24,10,24,8.9,24,15,25.1,86, ,66, ,0,G,999.9,0
72530094846,5/22/2021,41.96017,-87.93164,204.8,CHICAGO OHARE INTERNATIONAL AIRPORT - IL US,77.6,24,61,24,1026.1,24,1.7,24,10,24,5.1,24,11.1,19,88, ,69.1, ,0,G,999.9,0
72530094846,5/23/2021,41.96017,-87.93164,204.8,CHICAGO OHARE INTERNATIONAL AIRPORT - IL US,75.3,24,63.6,24,1022,22,997.9,24,9.9,24,6.9,24,11.1,14,84.9,*,60.1,*,0,G,999.9,10000
72530094846,5/24/2021,41.96017,-87.93164,204.8,CHICAGO OHARE INTERNATIONAL AIRPORT - IL US,68.5,24,56.5,24,1019.4,19,995.5,24,7.3,24,6.1,24,12,20,89.1,*,55.4,*,0.02,G,999.9,110000
72530094846,5/25/2021,41.96017,-87.93164,204.8,CHICAGO OHARE INTERNATIONAL AIRPORT - IL US,79,24,58.1,24,1015.1,24,991.2,24,10,24,10.4,24,21,32.1,86,*,73,*,0,G,999.9,10000
72530094846,5/26/2021,41.96017,-87.93164,204.8,CHICAGO OHARE INTERNATIONAL AIRPORT - IL US,72.8,24,58.8,24,1014.2,20,990.1,24,9,24,10.7,24,21,26,84.9, ,64.9, ,0.77,G,999.9,10010
72530094846,5/27/2021,41.96017,-87.93164,204.8,CHICAGO OHARE INTERNATIONAL AIRPORT - IL US,57.3,24,45.3,24,1019.3,24,994.7,24,9.9,24,13.3,24,20,28.9,82, ,50, ,0.74,G,999.9,10000
72530094846,5/28/2021,41.96017,-87.93164,204.8,CHICAGO OHARE INTERNATIONAL AIRPORT - IL US,48.2,24,42.8,24,1014.7,19,990.7,24,8.4,24,18.4,24,27,35,59, ,44.1, ,0.24,G,999.9,10010
72530094846,5/29/2021,41.96017,-87.93164,204.8,CHICAGO OHARE INTERNATIONAL AIRPORT - IL US,51.4,24,31.4,24,1021.9,24,997.2,24,9.8,24,13.1,24,18.1,28.9,60.1, ,44.1, ,0.29,G,999.9,10000
72530094846,5/30/2021,41.96017,-87.93164,204.8,CHICAGO OHARE INTERNATIONAL AIRPORT - IL US,55.7,24,32.7,24,1024.8,24,0,24,10,24,4.8,24,11.1,999.9,69.1, ,42.1, ,0,G,999.9,0
72530094846,5/31/2021,41.96017,-87.93164,204.8,CHICAGO OHARE INTERNATIONAL AIRPORT - IL US,62.7,24,40.5,24,1023.9,24,999.4,24,10,24,6,24,13,17.1,70, ,42.1, ,0,G,999.9,0
72530094846,6/1/2021,41.96017,-87.93164,204.8,CHICAGO OHARE INTERNATIONAL AIRPORT - IL US,63.2,24,46.1,24,1022.6,24,998,24,9.7,24,3.9,24,11.1,999.9,77, ,50, ,0,G,999.9,0
72530094846,6/2/2021,41.96017,-87.93164,204.8,CHICAGO OHARE INTERNATIONAL AIRPORT - IL US,67.3,24,47.5,24,1017,24,992.6,24,10,24,5.2,24,9.9,14,78.1, ,50, ,0,G,999.9,0
72530094846,6/3/2021,41.96017,-87.93164,204.8,CHICAGO OHARE INTERNATIONAL AIRPORT - IL US,70.7,24,48.9,24,1011.9,24,987.8,24,9.9,24,4.4,24,8.9,999.9,87.1, ,55.9, ,0,G,999.9,0
72530094846,6/4/2021,41.96017,-87.93164,204.8,CHICAGO OHARE INTERNATIONAL AIRPORT - IL US,79.8,24,50.4,24,1011.8,24,988.1,24,10,24,8.6,24,15.9,25.1,90,*,71.1,*,0,G,999.9,10000
72530094846,6/5/2021,41.96017,-87.93164,204.8,CHICAGO OHARE INTERNATIONAL AIRPORT - IL US,80.6,24,54.8,24,1011.8,24,987.9,24,10,24,10.7,24,17.1,22.9,91.9, ,69.1, ,0,G,999.9,0
72530094846,6/6/2021,41.96017,-87.93164,204.8,CHICAGO OHARE INTERNATIONAL AIRPORT - IL US,81.5,24,59.2,24,1012,24,988.2,24,10,24,10.2,24,15.9,28.9,91.9, ,69.1, ,0,G,999.9,0
72530094846,6/7/2021,41.96017,-87.93164,204.8,CHICAGO OHARE INTERNATIONAL AIRPORT - IL US,77.5,24,67.5,24,1012.4,23,988.8,24,9.9,24,7.3,24,9.9,15.9,89.1, ,72, ,0,G,999.9,10000
72530094846,6/8/2021,41.96017,-87.93164,204.8,CHICAGO OHARE INTERNATIONAL AIRPORT - IL US,77.5,24,67.8,24,1014.7,24,990.8,24,9.8,24,3.5,24,8,999.9,91, ,71.1, ,0,G,999.9,10000
72530094846,6/9/2021,41.96017,-87.93164,204.8,CHICAGO OHARE INTERNATIONAL AIRPORT - IL US,79.9,24,66.7,24,1015.7,24,991.8,24,10,24,4.4,24,9.9,17.1,91, ,71.1, ,0.01,G,999.9,0
72530094846,6/10/2021,41.96017,-87.93164,204.8,CHICAGO OHARE INTERNATIONAL AIRPORT - IL US,77.3,24,65,24,1014,24,990,24,10,24,5.1,24,9.9,999.9,90, ,66, ,0,G,999.9,0
72530094846,6/11/2021,41.96017,-87.93164,204.8,CHICAGO OHARE INTERNATIONAL AIRPORT - IL US,81.2,24,66.3,24,1010,24,986.2,24,10,24,4,24,8.9,999.9,91.9, ,66, ,0,G,999.9,0
72530094846,6/12/2021,41.96017,-87.93164,204.8,CHICAGO OHARE INTERNATIONAL AIRPORT - IL US,79.9,24,67.8,24,1009.7,22,986.1,24,9.3,24,4.8,24,20,35,93, ,68, ,0,G,999.9,10010
72530094846,6/13/2021,41.96017,-87.93164,204.8,CHICAGO OHARE INTERNATIONAL AIRPORT - IL US,77.9,24,58.8,24,1013.3,24,989.5,24,10,24,6.1,24,8.9,14,93, ,66, ,1.5,G,999.9,0
72530094846,6/14/2021,41.96017,-87.93164,204.8,CHICAGO OHARE INTERNATIONAL AIRPORT - IL US,75.3,24,52.8,24,1012.8,24,989.1,24,10,24,10.4,24,19,24.1,87.1, ,64.9, ,0,G,999.9,0
72530094846,6/15/2021,41.96017,-87.93164,204.8,CHICAGO OHARE INTERNATIONAL AIRPORT - IL US,70.5,24,52.7,24,1017.7,24,993.8,24,10,24,7.1,24,14,20,82.9, ,62.1, ,0,G,999.9,0
72530094846,6/16/2021,41.96017,-87.93164,204.8,CHICAGO OHARE INTERNATIONAL AIRPORT - IL US,67.1,24,44.9,24,1019.3,24,995,24,10,24,7.5,24,15,15.9,77, ,55.9, ,0,G,999.9,0
72530094846,6/17/2021,41.96017,-87.93164,204.8,CHICAGO OHARE INTERNATIONAL AIRPORT - IL US,71.5,24,46,24,1015.3,24,991.1,24,10,24,5.7,24,15,21,88, ,55.9, ,0,G,999.9,10010
72530094846,6/18/2021,41.96017,-87.93164,204.8,CHICAGO OHARE INTERNATIONAL AIRPORT - IL US,80.9,24,62.5,24,1008.3,22,984.8,24,10,24,8.7,24,28.9,40,90, ,57.9, ,0.24,G,999.9,10010
72530094846,6/19/2021,41.96017,-87.93164,204.8,CHICAGO OHARE INTERNATIONAL AIRPORT - IL US,79.5,24,62.2,24,1007.4,24,983.6,24,10,24,7.8,24,18.1,26,90, ,66.9, ,0.01,G,999.9,0
72530094846,6/20/2021,41.96017,-87.93164,204.8,CHICAGO OHARE INTERNATIONAL AIRPORT - IL US,72.3,24,63,24,1005.9,24,981.9,24,9.8,24,5.7,24,12,999.9,90, ,62.1, ,0,G,999.9,10000
72530094846,6/21/2021,41.96017,-87.93164,204.8,CHICAGO OHARE INTERNATIONAL AIRPORT - IL US,69.8,24,57.8,24,1003.9,22,979.2,24,9.4,24,10.7,24,26,34,82, ,62.1, ,1.85,G,999.9,10010
72530094846,6/22/2021,41.96017,-87.93164,204.8,CHICAGO OHARE INTERNATIONAL AIRPORT - IL US,62.9,24,44.8,24,1014,24,989.8,24,10,24,7.7,24,15.9,22.9,73, ,54, ,0,G,999.9,0
72530094846,6/23/2021,41.96017,-87.93164,204.8,CHICAGO OHARE INTERNATIONAL AIRPORT - IL US,68.9,24,52,24,1015.4,24,991.3,24,10,24,10.1,24,19,29.9,79, ,54, ,0,G,999.9,10000
72530094846,6/24/2021,41.96017,-87.93164,204.8,CHICAGO OHARE INTERNATIONAL AIRPORT - IL US,71.9,24,57.8,24,1014.5,21,990.5,24,9,24,11,24,17.1,27,79, ,64.9, ,0.02,G,999.9,10010
72530094846,6/25/2021,41.96017,-87.93164,204.8,CHICAGO OHARE INTERNATIONAL AIRPORT - IL US,72,24,69.1,24,1011.9,10,987.7,24,7.9,24,9.2,24,15.9,26,75.9, ,68, ,1.49,G,999.9,10010
72530094846,6/26/2021,41.96017,-87.93164,204.8,CHICAGO OHARE INTERNATIONAL AIRPORT - IL US,75,24,70.5,24,1009,17,985,24,9.2,24,7.6,24,14,22,82, ,70, ,0.45,G,999.9,10010
72530094846,6/27/2021,41.96017,-87.93164,204.8,CHICAGO OHARE INTERNATIONAL AIRPORT - IL US,76.5,24,69.2,24,1010.4,18,987,24,10,24,11.5,24,17.1,28.9,82.9, ,70, ,0.46,G,999.9,10000
72530094846,6/28/2021,41.96017,-87.93164,204.8,CHICAGO OHARE INTERNATIONAL AIRPORT - IL US,71.9,24,65.2,24,1018.3,21,994.4,24,9.9,24,5.6,24,12,999.9,82.9, ,66, ,0,G,999.9,10000
72530094846,6/29/2021,41.96017,-87.93164,204.8,CHICAGO OHARE INTERNATIONAL AIRPORT - IL US,76.2,24,71,24,1019.7,21,995.9,24,9.5,24,5.9,24,11.1,17.1,84, ,66, ,0.17,G,999.9,10010
72530094846,6/30/2021,41.96017,-87.93164,204.8,CHICAGO OHARE INTERNATIONAL AIRPORT - IL US,76.8,24,68.7,24,1018.3,21,994.1,24,9.7,24,4.9,24,15,22.9,84, ,71.1, ,0.29,G,999.9,10010
72530094846,7/1/2021,41.96017,-87.93164,204.8,CHICAGO OHARE INTERNATIONAL AIRPORT - IL US,71.3,24,62.3,24,1016.2,22,992,24,10,24,10.3,24,18.1,25.1,82.9, ,66, ,0.29,G,999.9,10000
72530094846,7/2/2021,41.96017,-87.93164,204.8,CHICAGO OHARE INTERNATIONAL AIRPORT - IL US,64.8,24,54.5,24,1018.5,24,994.3,24,10,24,7.7,24,14,999.9,75.9, ,57, ,0,G,999.9,0
72530094846,7/3/2021,41.96017,-87.93164,204.8,CHICAGO OHARE INTERNATIONAL AIRPORT - IL US,70.4,24,55.1,24,1016.5,24,992.2,24,10,24,6.4,24,12,19,86, ,57, ,0,G,999.9,0
72530094846,7/4/2021,41.96017,-87.93164,204.8,CHICAGO OHARE INTERNATIONAL AIRPORT - IL US,79.1,24,64.3,24,1013.5,24,989.7,24,10,24,6.4,24,11.1,15,89.1, ,59, ,0,G,999.9,0
72530094846,7/5/2021,41.96017,-87.93164,204.8,CHICAGO OHARE INTERNATIONAL AIRPORT - IL US,81.6,24,67.7,24,1013.9,24,990.1,24,10,24,10.2,24,18.1,26,91, ,70, ,0,G,999.9,0
72530094846,7/6/2021,41.96017,-87.93164,204.8,CHICAGO OHARE INTERNATIONAL AIRPORT - IL US,83.4,24,67.7,24,1015.1,24,991.4,24,10,24,9.6,24,13,22.9,91, ,73, ,0,G,999.9,0
72530094846,7/7/2021,41.96017,-87.93164,204.8,CHICAGO OHARE INTERNATIONAL AIRPORT - IL US,80.5,24,67.6,24,1012.7,24,988.9,24,10,24,7.3,24,18.1,25.1,91, ,73, ,0,G,999.9,0
72530094846,7/8/2021,41.96017,-87.93164,204.8,CHICAGO OHARE INTERNATIONAL AIRPORT - IL US,66.7,24,61.1,24,1012.3,24,988.4,24,10,24,7.1,24,12,999.9,89.1, ,63, ,0,G,999.9,10000
72530094846,7/9/2021,41.96017,-87.93164,204.8,CHICAGO OHARE INTERNATIONAL AIRPORT - IL US,66.4,24,53.7,24,1016.8,24,992.6,24,10,24,6.8,24,11.1,15.9,75.9, ,59, ,0,G,999.9,0
72530094846,7/10/2021,41.96017,-87.93164,204.8,CHICAGO OHARE INTERNATIONAL AIRPORT - IL US,69.3,24,57.7,24,1015.6,23,991.4,24,10,24,7.5,24,13,15.9,75.9, ,59, ,0,G,999.9,10000
72530094846,7/11/2021,41.96017,-87.93164,204.8,CHICAGO OHARE INTERNATIONAL AIRPORT - IL US,67.8,24,63.2,24,1013.1,14,989,24,8.8,24,11.5,24,15.9,26,75.9, ,63, ,0.15,G,999.9,10000
72530094846,7/12/2021,41.96017,-87.93164,204.8,CHICAGO OHARE INTERNATIONAL AIRPORT - IL US,69.7,24,63.5,24,1015.9,21,991.8,24,10,24,8.1,24,14,18.1,73.9, ,66, ,0.05,G,999.9,10000
72530094846,7/13/2021,41.96017,-87.93164,204.8,CHICAGO OHARE INTERNATIONAL AIRPORT - IL US,71.1,24,66.6,24,1015.6,14,991.6,24,6.6,24,5.5,24,9.9,999.9,80.1, ,66.9, ,0.04,G,999.9,10000
72530094846,7/14/2021,41.96017,-87.93164,204.8,CHICAGO OHARE INTERNATIONAL AIRPORT - IL US,76.3,24,66.5,24,1018.3,24,994.2,24,10,24,6.8,24,13,20,84, ,68, ,0,G,999.9,10000
72530094846,7/15/2021,41.96017,-87.93164,204.8,CHICAGO OHARE INTERNATIONAL AIRPORT - IL US,75.4,24,68.4,24,1014,22,990.3,24,9.8,24,9.9,24,15.9,28.9,84, ,69.1, ,0.12,G,999.9,10000
72530094846,7/16/2021,41.96017,-87.93164,204.8,CHICAGO OHARE INTERNATIONAL AIRPORT - IL US,68.9,24,64.5,24,1015.3,20,991.2,24,8.7,24,9.1,24,15,999.9,79, ,64.9, ,1.04,G,999.9,10000
72530094846,7/17/2021,41.96017,-87.93164,204.8,CHICAGO OHARE INTERNATIONAL AIRPORT - IL US,70.6,24,62.5,24,1017.7,21,993.7,24,10,24,9.8,24,15.9,22.9,77, ,64, ,0.04,G,999.9,10000
72530094846,7/18/2021,41.96017,-87.93164,204.8,CHICAGO OHARE INTERNATIONAL AIRPORT - IL US,72.7,24,62,24,1021.7,24,997.6,24,10,24,7.7,24,12,15,82, ,63, ,0,G,999.9,0
72530094846,7/19/2021,41.96017,-87.93164,204.8,CHICAGO OHARE INTERNATIONAL AIRPORT - IL US,73.4,24,62.6,24,1021.4,24,997.2,24,10,24,5.5,24,8.9,999.9,84.9, ,63, ,0,G,999.9,0
72530094846,7/20/2021,41.96017,-87.93164,204.8,CHICAGO OHARE INTERNATIONAL AIRPORT - IL US,76.2,24,62.7,24,1018.1,24,994.1,24,10,24,6.4,24,15.9,18.1,88, ,64, ,0,G,999.9,0
72530094846,7/21/2021,41.96017,-87.93164,204.8,CHICAGO OHARE INTERNATIONAL AIRPORT - IL US,69.6,24,62,24,1019.4,21,995.4,24,8.7,24,8.8,24,12,999.9,88, ,64.9, ,0,G,999.9,0
72530094846,7/22/2021,41.96017,-87.93164,204.8,CHICAGO OHARE INTERNATIONAL AIRPORT - IL US,72.2,24,64.1,24,1021,24,996.8,24,9.2,24,3.8,24,9.9,999.9,86, ,64, ,0,G,999.9,0
72530094846,7/23/2021,41.96017,-87.93164,204.8,CHICAGO OHARE INTERNATIONAL AIRPORT - IL US,80.5,24,69.9,24,1018.6,24,994.5,24,6.7,24,6.6,24,9.9,15,89.1, ,64, ,0,G,999.9,0
72530094846,7/24/2021,41.96017,-87.93164,204.8,CHICAGO OHARE INTERNATIONAL AIRPORT - IL US,82,24,71.4,24,1012.9,24,989,24,7.1,24,9.4,24,28,35,91.9, ,73.9, ,0,G,999.9,10010
72530094846,7/25/2021,41.96017,-87.93164,204.8,CHICAGO OHARE INTERNATIONAL AIRPORT - IL US,81.5,24,64.4,24,1012.3,24,988.7,24,10,24,4.6,24,8.9,999.9,91.9, ,72, ,0.12,G,999.9,0
72530094846,7/26/2021,41.96017,-87.93164,204.8,CHICAGO OHARE INTERNATIONAL AIRPORT - IL US,81.6,24,57.9,24,1015,24,991.3,24,10,24,3.7,24,7,999.9,93.9, ,70, ,0,G,999.9,0
72530094846,7/27/2021,41.96017,-87.93164,204.8,CHICAGO OHARE INTERNATIONAL AIRPORT - IL US,80.2,24,63.7,24,1016.3,24,992.4,24,10,24,5.9,24,14,19,93.9, ,70, ,0,G,999.9,0
72530094846,7/28/2021,41.96017,-87.93164,204.8,CHICAGO OHARE INTERNATIONAL AIRPORT - IL US,81,24,70.4,24,1015.7,23,991.9,24,10,24,6.1,24,21,28,88, ,70, ,0.21,G,999.9,10010
72530094846,7/29/2021,41.96017,-87.93164,204.8,CHICAGO OHARE INTERNATIONAL AIRPORT - IL US,81.7,24,71.9,24,1012.3,22,988.6,24,9.9,24,9.8,24,28.9,42,89.1, ,70, ,0.17,G,999.9,10010
72530094846,7/30/2021,41.96017,-87.93164,204.8,CHICAGO OHARE INTERNATIONAL AIRPORT - IL US,70.3,24,58.6,24,1018.9,24,994.9,24,10,24,11.6,24,17.1,22,89.1, ,66, ,0,I,999.9,0
72530094846,7/31/2021,41.96017,-87.93164,204.8,CHICAGO OHARE INTERNATIONAL AIRPORT - IL US,69.4,24,56.9,24,1017.4,24,993.1,24,10,24,4.3,24,12,999.9,80.1, ,61, ,0,G,999.9,10000
72530094846,8/1/2021,41.96017,-87.93164,204.8,CHICAGO OHARE INTERNATIONAL AIRPORT - IL US,71.8,24,60.1,24,1015.2,24,991.4,24,8.3,24,9,24,15,21,80.1, ,62.1, ,0,G,999.9,0
72530094846,8/2/2021,41.96017,-87.93164,204.8,CHICAGO OHARE INTERNATIONAL AIRPORT - IL US,68.7,24,55.7,24,1020.2,24,996,24,10,24,5.9,24,15,999.9,78.1, ,60.1, ,0,G,999.9,0
72530094846,8/3/2021,41.96017,-87.93164,204.8,CHICAGO OHARE INTERNATIONAL AIRPORT - IL US,71.6,24,54,24,1018.9,24,994.7,24,10,24,3.5,24,9.9,999.9,82.9, ,60.1, ,0,G,999.9,0
72530094846,8/4/2021,41.96017,-87.93164,204.8,CHICAGO OHARE INTERNATIONAL AIRPORT - IL US,74.8,24,55.6,24,1018.8,24,994.8,24,10,24,2.7,24,8.9,999.9,84.9, ,62.1, ,0,G,999.9,0
72530094846,8/5/2021,41.96017,-87.93164,204.8,CHICAGO OHARE INTERNATIONAL AIRPORT - IL US,76,24,56.5,24,1018.5,24,994.4,24,9.3,24,6,24,12,19,87.1, ,64, ,0,G,999.9,0
72530094846,8/6/2021,41.96017,-87.93164,204.8,CHICAGO OHARE INTERNATIONAL AIRPORT - IL US,77,24,61.8,24,1014.9,24,991,24,10,24,9,24,13,21,87.1, ,66, ,0,G,999.9,0
72530094846,8/7/2021,41.96017,-87.93164,204.8,CHICAGO OHARE INTERNATIONAL AIRPORT - IL US,76.2,24,66.7,24,1014,23,990.2,24,9.3,24,6.4,24,19,33,89.1, ,66, ,0.19,G,999.9,10010
72530094846,8/8/2021,41.96017,-87.93164,204.8,CHICAGO OHARE INTERNATIONAL AIRPORT - IL US,82.8,24,69.4,24,1011.3,24,987.7,24,9.5,24,9.9,24,20,40,91.9, ,66, ,0,G,999.9,10010
72530094846,8/9/2021,41.96017,-87.93164,204.8,CHICAGO OHARE INTERNATIONAL AIRPORT - IL US,74.6,24,68.6,24,1010.8,21,986.8,24,9.7,24,10,24,17.1,32.1,91.9, ,70, ,0.03,G,999.9,10010
72530094846,8/10/2021,41.96017,-87.93164,204.8,CHICAGO OHARE INTERNATIONAL AIRPORT - IL US,81,24,74,24,1011.1,19,987.2,24,9.5,24,6.6,24,15,24.1,93, ,70, ,0.64,G,999.9,10010
72530094846,8/11/2021,41.96017,-87.93164,204.8,CHICAGO OHARE INTERNATIONAL AIRPORT - IL US,77.8,24,70.3,24,1009.8,20,986.1,24,9.5,24,10.3,24,25.1,49.9,93, ,70, ,0.38,G,999.9,10010
72530094846,8/12/2021,41.96017,-87.93164,204.8,CHICAGO OHARE INTERNATIONAL AIRPORT - IL US,80.1,24,70.7,24,1011.1,24,987.4,24,10,24,10.2,24,17.1,39,88, ,72, ,0.09,G,999.9,10010
72530094846,8/13/2021,41.96017,-87.93164,204.8,CHICAGO OHARE INTERNATIONAL AIRPORT - IL US,75.9,24,62.4,24,1016.5,24,992.6,24,10,24,5.7,24,9.9,999.9,84.9, ,72, ,0,G,999.9,0
72530094846,8/14/2021,41.96017,-87.93164,204.8,CHICAGO OHARE INTERNATIONAL AIRPORT - IL US,72.9,24,52.5,24,1022.7,24,998.7,24,10,24,6.5,24,9.9,999.9,84, ,62.1, ,0,G,999.9,0
72530094846,8/15/2021,41.96017,-87.93164,204.8,CHICAGO OHARE INTERNATIONAL AIRPORT - IL US,70.6,24,51.5,24,1023.3,24,998.9,24,10,24,4.6,24,11.1,17.1,80.1, ,60.1, ,0,G,999.9,0
72530094846,8/16/2021,41.96017,-87.93164,204.8,CHICAGO OHARE INTERNATIONAL AIRPORT - IL US,72.3,24,56.5,24,1019.2,24,995,24,10,24,5.4,24,11.1,15,80.1, ,60.1, ,0,G,999.9,0
72530094846,8/17/2021,41.96017,-87.93164,204.8,CHICAGO OHARE INTERNATIONAL AIRPORT - IL US,74.2,24,61.2,24,1016.7,24,992.6,24,10,24,4.2,24,8.9,999.9,84, ,63, ,0,G,999.9,0
72530094846,8/18/2021,41.96017,-87.93164,204.8,CHICAGO OHARE INTERNATIONAL AIRPORT - IL US,77.2,24,68.6,24,1017.4,24,993.5,24,9.7,24,5.8,24,8.9,999.9,86, ,66, ,0,G,999.9,0
72530094846,8/19/2021,41.96017,-87.93164,204.8,CHICAGO OHARE INTERNATIONAL AIRPORT - IL US,79.2,24,69.9,24,1017.8,24,993.9,24,9.5,24,5,24,13,999.9,88, ,70, ,0,G,999.9,10
72530094846,8/20/2021,41.96017,-87.93164,204.8,CHICAGO OHARE INTERNATIONAL AIRPORT - IL US,79.8,24,69.1,24,1014.4,24,990.5,24,8.8,24,4.8,24,9.9,999.9,91, ,70, ,0,G,999.9,100000
72530094846,8/21/2021,41.96017,-87.93164,204.8,CHICAGO OHARE INTERNATIONAL AIRPORT - IL US,79.7,24,69.1,24,1010.6,23,986.8,24,9.1,24,7.2,24,18.1,28.9,91, ,70, ,0,G,999.9,10010
72530094846,8/22/2021,41.96017,-87.93164,204.8,CHICAGO OHARE INTERNATIONAL AIRPORT - IL US,76.3,24,66.8,24,1013.8,23,990.2,24,10,24,7.2,24,12,18.1,88, ,70, ,0.6,G,999.9,0
72530094846,8/23/2021,41.96017,-87.93164,204.8,CHICAGO OHARE INTERNATIONAL AIRPORT - IL US,75.1,24,65.6,24,1014.7,24,990.7,24,10,24,5.2,24,9.9,15.9,87.1, ,66.9, ,0,G,999.9,0
72530094846,8/24/2021,41.96017,-87.93164,204.8,CHICAGO OHARE INTERNATIONAL AIRPORT - IL US,82.5,24,72.1,24,1013.7,23,989.9,24,9.7,24,6.8,24,19,39,95, ,66.9, ,0,G,999.9,10010
72530094846,8/25/2021,41.96017,-87.93164,204.8,CHICAGO OHARE INTERNATIONAL AIRPORT - IL US,78.7,24,70.8,24,1016.3,22,992.3,24,9.5,24,6.4,24,21,31.1,95, ,71.1, ,1.91,G,999.9,10010
72530094846,8/26/2021,41.96017,-87.93164,204.8,CHICAGO OHARE INTERNATIONAL AIRPORT - IL US,77.4,24,69.5,24,1019.3,24,995.3,24,9.6,24,4.8,24,9.9,17.1,93.9, ,70, ,0.39,G,999.9,10010
72530094846,8/27/2021,41.96017,-87.93164,204.8,CHICAGO OHARE INTERNATIONAL AIRPORT - IL US,80.7,24,70,24,1016.8,24,992.8,24,10,24,4.8,24,9.9,15,91, ,70, ,0,G,999.9,0
72530094846,8/28/2021,41.96017,-87.93164,204.8,CHICAGO OHARE INTERNATIONAL AIRPORT - IL US,83.6,24,72.8,24,1016.9,24,993.1,24,10,24,7.8,24,12,21,91.9, ,73, ,0,G,999.9,0
72530094846,8/29/2021,41.96017,-87.93164,204.8,CHICAGO OHARE INTERNATIONAL AIRPORT - IL US,81.5,24,71.7,24,1015.5,24,991.6,24,10,24,9.4,24,20,28.9,91.9, ,73.9, ,0,G,999.9,10010
72530094846,8/30/2021,41.96017,-87.93164,204.8,CHICAGO OHARE INTERNATIONAL AIRPORT - IL US,76.2,24,63.1,24,1014.4,24,990.3,24,10,24,4.8,24,8.9,999.9,89.1, ,66.9, ,0.28,G,999.9,0
72530094846,8/31/2021,41.96017,-87.93164,204.8,CHICAGO OHARE INTERNATIONAL AIRPORT - IL US,74.7,24,58.9,24,1010.8,24,986.9,24,10,24,4.9,24,12,999.9,84.9, ,66, ,0,G,999.9,0
72530094846,9/1/2021,41.96017,-87.93164,204.8,CHICAGO OHARE INTERNATIONAL AIRPORT - IL US,73.2,24,58.7,24,1012.6,24,988.9,24,10,24,11.4,24,15.9,22,82, ,66.9, ,0,G,999.9,10000
72530094846,9/2/2021,41.96017,-87.93164,204.8,CHICAGO OHARE INTERNATIONAL AIRPORT - IL US,69.5,24,55.6,24,1018.5,24,994.4,24,10,24,5.8,24,14,999.9,78.1, ,62.1, ,0,G,999.9,0
72530094846,9/3/2021,41.96017,-87.93164,204.8,CHICAGO OHARE INTERNATIONAL AIRPORT - IL US,69.7,24,56.6,24,1018.6,24,994.3,24,10,24,5.9,24,8.9,999.9,78.1, ,62.1, ,0,G,999.9,10000
72530094846,9/4/2021,41.96017,-87.93164,204.8,CHICAGO OHARE INTERNATIONAL AIRPORT - IL US,70.1,24,60.2,24,1013.2,21,988.6,24,9.9,24,7.1,24,14,18.1,75, ,64, ,0.01,G,999.9,10000
72530094846,9/5/2021,41.96017,-87.93164,204.8,CHICAGO OHARE INTERNATIONAL AIRPORT - IL US,69.5,24,56.3,24,1011.5,24,987.5,24,10,24,7.1,24,12,24.1,82, ,60.1, ,0,G,999.9,10000
72530094846,9/6/2021,41.96017,-87.93164,204.8,CHICAGO OHARE INTERNATIONAL AIRPORT - IL US,72,24,53,24,1012.6,24,988.6,24,10,24,4.9,24,9.9,999.9,82, ,60.1, ,0,G,999.9,0
72530094846,9/7/2021,41.96017,-87.93164,204.8,CHICAGO OHARE INTERNATIONAL AIRPORT - IL US,72.3,24,61,24,1008.4,23,984.1,24,10,24,9,24,19,29.9,88, ,61, ,0,G,999.9,10010
72530094846,9/8/2021,41.96017,-87.93164,204.8,CHICAGO OHARE INTERNATIONAL AIRPORT - IL US,69.7,24,52.5,24,1008.1,24,984.4,24,10,24,8.7,24,15.9,27,88, ,59, ,0,G,999.9,0
72530094846,9/9/2021,41.96017,-87.93164,204.8,CHICAGO OHARE INTERNATIONAL AIRPORT - IL US,66.9,24,51.2,24,1014,24,990.1,24,10,24,5.8,24,8.9,999.9,79, ,57.9, ,0,G,999.9,0
72530094846,9/10/2021,41.96017,-87.93164,204.8,CHICAGO OHARE INTERNATIONAL AIRPORT - IL US,68.5,24,52.4,24,1017.2,24,992.9,24,10,24,4.4,24,11.1,18.1,80.1, ,57.9, ,0,G,999.9,0
72530094846,9/11/2021,41.96017,-87.93164,204.8,CHICAGO OHARE INTERNATIONAL AIRPORT - IL US,73.6,24,59.2,24,1013.4,24,989.2,24,10,24,7.5,24,13,20,87.1, ,59, ,0,G,999.9,0
72530094846,9/12/2021,41.96017,-87.93164,204.8,CHICAGO OHARE INTERNATIONAL AIRPORT - IL US,78.8,24,64.5,24,1013.1,24,989.4,24,10,24,8.8,24,13,20,87.1, ,64.9, ,0,G,999.9,0
72530094846,9/13/2021,41.96017,-87.93164,204.8,CHICAGO OHARE INTERNATIONAL AIRPORT - IL US,74.6,24,65.6,24,1016.2,19,992.5,24,10,24,6.3,24,13,999.9,88, ,68, ,0,G,999.9,0
72530094846,9/14/2021,41.96017,-87.93164,204.8,CHICAGO OHARE INTERNATIONAL AIRPORT - IL US,77.1,24,65.8,24,1010,24,986.2,24,9.5,24,10.5,24,18.1,25.1,88, ,68, ,0,G,999.9,0
72530094846,9/15/2021,41.96017,-87.93164,204.8,CHICAGO OHARE INTERNATIONAL AIRPORT - IL US,68.4,24,53.4,24,1014.5,24,990.6,24,10,24,6.5,24,15.9,22.9,86, ,59, ,0,G,999.9,0
72530094846,9/16/2021,41.96017,-87.93164,204.8,CHICAGO OHARE INTERNATIONAL AIRPORT - IL US,68.7,24,51.4,24,1018.2,24,994,24,10,24,4.5,24,11.1,14,82, ,57, ,0,G,999.9,0
72530094846,9/17/2021,41.96017,-87.93164,204.8,CHICAGO OHARE INTERNATIONAL AIRPORT - IL US,74.8,24,57.8,24,1017.3,24,993.3,24,10,24,6.3,24,15.9,27,89.1, ,57, ,0,G,999.9,10010
72530094846,9/18/2021,41.96017,-87.93164,204.8,CHICAGO OHARE INTERNATIONAL AIRPORT - IL US,71.4,24,62.2,24,1020.9,23,996.7,24,9.9,24,8.6,24,13,15.9,89.1, ,64, ,0.45,G,999.9,10010
72530094846,9/19/2021,41.96017,-87.93164,204.8,CHICAGO OHARE INTERNATIONAL AIRPORT - IL US,73.6,24,62.3,24,1019,24,994.7,24,10,24,4.5,24,11.1,999.9,89.1, ,64, ,0,G,999.9,0
72530094846,9/20/2021,41.96017,-87.93164,204.8,CHICAGO OHARE INTERNATIONAL AIRPORT - IL US,75.7,24,66.9,24,1013.3,23,989.3,24,9.4,24,7.7,24,13,22.9,89.1, ,64, ,0,G,999.9,10010
72530094846,9/21/2021,41.96017,-87.93164,204.8,CHICAGO OHARE INTERNATIONAL AIRPORT - IL US,69,24,62.2,24,1014.1,18,990.4,24,9.2,24,11.3,24,15.9,31.1,82, ,61, ,0.23,G,999.9,10010
72530094846,9/22/2021,41.96017,-87.93164,204.8,CHICAGO OHARE INTERNATIONAL AIRPORT - IL US,59.7,24,50.4,24,1019.7,22,995.3,24,9.4,24,13.9,24,21,28.9,75.9, ,55.9, ,0.42,G,999.9,10000
72530094846,9/23/2021,41.96017,-87.93164,204.8,CHICAGO OHARE INTERNATIONAL AIRPORT - IL US,58,24,42,24,1015.4,24,990.9,24,10,24,11.6,24,14,24.1,66.9, ,51.1, ,0.4,G,999.9,0
72530094846,9/24/2021,41.96017,-87.93164,204.8,CHICAGO OHARE INTERNATIONAL AIRPORT - IL US,62.7,24,44,24,1013.5,24,989.1,24,10,24,9,24,19,32.1,79, ,51.1, ,0,G,999.9,0
72530094846,9/25/2021,41.96017,-87.93164,204.8,CHICAGO OHARE INTERNATIONAL AIRPORT - IL US,61.4,24,45.9,24,1014.1,24,989.9,24,9.8,24,9.8,24,15.9,25.1,79, ,50, ,0.12,G,999.9,10000
72530094846,9/26/2021,41.96017,-87.93164,204.8,CHICAGO OHARE INTERNATIONAL AIRPORT - IL US,66.1,24,41.2,24,1013.6,24,989.2,24,10,24,9.5,24,17.1,29.9,82.9, ,50, ,0,G,999.9,0
72530094846,9/27/2021,41.96017,-87.93164,204.8,CHICAGO OHARE INTERNATIONAL AIRPORT - IL US,73.4,24,54.5,24,1008.3,24,984.6,24,10,24,10.3,24,18.1,22.9,87.1, ,54, ,0,G,999.9,0
72530094846,9/28/2021,41.96017,-87.93164,204.8,CHICAGO OHARE INTERNATIONAL AIRPORT - IL US,65.9,24,54.7,24,1014.1,24,990.1,24,10,24,9.6,24,17.1,999.9,87.1, ,60.1, ,0,G,999.9,0
72530094846,9/29/2021,41.96017,-87.93164,204.8,CHICAGO OHARE INTERNATIONAL AIRPORT - IL US,67,24,54.5,24,1016.8,24,992.7,24,10,24,4.8,24,8.9,999.9,82, ,55, ,0,G,999.9,0
72530094846,9/30/2021,41.96017,-87.93164,204.8,CHICAGO OHARE INTERNATIONAL AIRPORT - IL US,68.7,24,55,24,1020.1,24,995.9,24,10,24,4.5,24,8.9,999.9,82, ,55, ,0,G,999.9,0
72530094846,10/1/2021,41.96017,-87.93164,204.8,CHICAGO OHARE INTERNATIONAL AIRPORT - IL US,70.8,24,57.1,24,1021.1,24,996.8,24,10,24,4.2,24,8.9,999.9,84.9, ,61, ,0,G,999.9,0
72530094846,10/2/2021,41.96017,-87.93164,204.8,CHICAGO OHARE INTERNATIONAL AIRPORT - IL US,72.7,24,61.5,24,1016.5,22,992,24,9.9,24,6.8,24,15,21,84.9, ,61, ,0.02,G,999.9,10000
72530094846,10/3/2021,41.96017,-87.93164,204.8,CHICAGO OHARE INTERNATIONAL AIRPORT - IL US,70.6,24,65.6,24,1010.2,18,986.1,24,9.4,24,5,24,8.9,14,80.1, ,66, ,0.14,C,999.9,10010
72530094846,10/4/2021,41.96017,-87.93164,204.8,CHICAGO OHARE INTERNATIONAL AIRPORT - IL US,66.9,24,62.5,24,1012.4,15,988.3,24,9.5,24,7.7,24,18.1,24.1,75.9, ,64, ,0,H,999.9,10000
72530094846,10/5/2021,41.96017,-87.93164,204.8,CHICAGO OHARE INTERNATIONAL AIRPORT - IL US,65.6,24,60.8,24,1021,22,996.6,24,10,24,11.9,24,18.1,22,73, ,64, ,0,G,999.9,10000
72530094846,10/6/2021,41.96017,-87.93164,204.8,CHICAGO OHARE INTERNATIONAL AIRPORT - IL US,65.6,24,61.9,24,1023.3,22,999.2,24,7.7,24,8.3,24,11.1,999.9,68, ,64, ,0,G,999.9,10000
72530094846,10/7/2021,41.96017,-87.93164,204.8,CHICAGO OHARE INTERNATIONAL AIRPORT - IL US,68.1,24,64.3,24,1019.8,15,995.1,24,7.2,24,6.7,24,12,25.1,75, ,64, ,0.03,G,999.9,10010
72530094846,10/8/2021,41.96017,-87.93164,204.8,CHICAGO OHARE INTERNATIONAL AIRPORT - IL US,67,24,62.2,24,1015.9,17,991.9,24,8.4,24,2.7,24,9.9,999.9,75, ,62.1, ,0.63,G,999.9,10010
72530094846,10/9/2021,41.96017,-87.93164,204.8,CHICAGO OHARE INTERNATIONAL AIRPORT - IL US,69.4,24,61.9,24,1013.4,24,989.2,24,9.3,24,3.5,24,9.9,15,80.1, ,62.1, ,0.02,G,999.9,10000
72530094846,10/10/2021,41.96017,-87.93164,204.8,CHICAGO OHARE INTERNATIONAL AIRPORT - IL US,73,24,63.9,24,1007.5,24,983.6,24,9.9,24,8.7,24,17.1,26,80.1, ,64, ,0.01,G,999.9,10000
72530094846,10/11/2021,41.96017,-87.93164,204.8,CHICAGO OHARE INTERNATIONAL AIRPORT - IL US,72.2,24,63.7,24,1005.6,22,981.7,24,9.1,24,9.2,24,15,26,79, ,66, ,0.02,G,999.9,10010
72530094846,10/12/2021,41.96017,-87.93164,204.8,CHICAGO OHARE INTERNATIONAL AIRPORT - IL US,63,24,60,24,1008.4,18,983.8,24,8.9,24,9.5,24,15,20,77, ,61, ,0.76,G,999.9,10000
72530094846,10/13/2021,41.96017,-87.93164,204.8,CHICAGO OHARE INTERNATIONAL AIRPORT - IL US,60,24,55,24,1014,21,989.4,24,8.9,24,4.1,24,15,20,71.1, ,53.1, ,0.01,G,999.9,10010
72530094846,10/14/2021,41.96017,-87.93164,204.8,CHICAGO OHARE INTERNATIONAL AIRPORT - IL US,66.7,24,58.3,24,1011.1,20,986.9,24,9.5,24,6.8,24,13,21,71.1, ,53.1, ,0.41,G,999.9,10000
72530094846,10/15/2021,41.96017,-87.93164,204.8,CHICAGO OHARE INTERNATIONAL AIRPORT - IL US,57.7,24,48.7,24,1012.1,24,987.9,24,10,24,5.3,24,12,999.9,71.1, ,52, ,0.1,G,999.9,10000
72530094846,10/16/2021,41.96017,-87.93164,204.8,CHICAGO OHARE INTERNATIONAL AIRPORT - IL US,52.1,24,38.1,24,1014.8,24,990.5,24,10,24,8.9,24,14,24.1,62.1, ,44.1, ,0.02,G,999.9,10000
72530094846,10/17/2021,41.96017,-87.93164,204.8,CHICAGO OHARE INTERNATIONAL AIRPORT - IL US,53.3,24,35,24,1019.1,24,994.6,24,10,24,6.9,24,11.1,18.1,66, ,42.1, ,0,G,999.9,0
72530094846,10/18/2021,41.96017,-87.93164,204.8,CHICAGO OHARE INTERNATIONAL AIRPORT - IL US,57,24,39,24,1019.6,24,995,24,10,24,3.7,24,8.9,15,72, ,43, ,0,G,999.9,0
72530094846,10/19/2021,41.96017,-87.93164,204.8,CHICAGO OHARE INTERNATIONAL AIRPORT - IL US,60.7,24,45.6,24,1018.5,24,994.1,24,10,24,6.6,24,12,20,72, ,45, ,0,G,999.9,0
72530094846,10/20/2021,41.96017,-87.93164,204.8,CHICAGO OHARE INTERNATIONAL AIRPORT - IL US,61.3,24,47.3,24,1016.7,24,992.2,24,10,24,6.8,24,14,19,72, ,52, ,0,G,999.9,0
72530094846,10/21/2021,41.96017,-87.93164,204.8,CHICAGO OHARE INTERNATIONAL AIRPORT - IL US,56.7,24,48.6,24,1011.3,20,987.4,24,9.9,24,10.1,24,15.9,24.1,72, ,48, ,0,G,999.9,10010
72530094846,10/22/2021,41.96017,-87.93164,204.8,CHICAGO OHARE INTERNATIONAL AIRPORT - IL US,47.9,24,38.2,24,1017.3,24,992.7,24,10,24,5.4,24,9.9,999.9,64.9, ,41, ,0,G,999.9,10000
72530094846,10/23/2021,41.96017,-87.93164,204.8,CHICAGO OHARE INTERNATIONAL AIRPORT - IL US,47.4,24,33.6,24,1016.7,24,992.1,24,10,24,4.1,24,8,999.9,55.9, ,39, ,0,G,999.9,0
72530094846,10/24/2021,41.96017,-87.93164,204.8,CHICAGO OHARE INTERNATIONAL AIRPORT - IL US,45.7,24,39.4,24,1015.4,20,989.9,24,8.7,24,5.5,24,20,29.9,55.9, ,39, ,0,G,999.9,10010
72530094846,10/25/2021,41.96017,-87.93164,204.8,CHICAGO OHARE INTERNATIONAL AIRPORT - IL US,49.6,24,45.2,24,1010.3,16,985.2,24,7.4,24,19.4,24,26,40,55, ,39, ,2.26,G,999.9,10010
72530094846,10/26/2021,41.96017,-87.93164,204.8,CHICAGO OHARE INTERNATIONAL AIRPORT - IL US,49.1,24,41.3,24,1018.6,24,993.9,24,10,24,8,24,9.9,999.9,57, ,42.1, ,0.35,G,999.9,0
72530094846,10/27/2021,41.96017,-87.93164,204.8,CHICAGO OHARE INTERNATIONAL AIRPORT - IL US,47.1,24,38.1,24,1016.2,24,991.4,24,10,24,5.3,24,13,999.9,57, ,37.9, ,0,G,999.9,0
72530094846,10/28/2021,41.96017,-87.93164,204.8,CHICAGO OHARE INTERNATIONAL AIRPORT - IL US,51.3,24,46.1,24,1006.1,18,980.7,24,9,24,8.9,24,13,999.9,55.9, ,37.9, ,0,G,999.9,10000
72530094846,10/29/2021,41.96017,-87.93164,204.8,CHICAGO OHARE INTERNATIONAL AIRPORT - IL US,54.3,24,52.3,24,1001.3,13,977,24,4.9,24,12.3,24,22,29.9,57, ,48, ,0.51,G,999.9,10000
72530094846,10/30/2021,41.96017,-87.93164,204.8,CHICAGO OHARE INTERNATIONAL AIRPORT - IL US,54.4,24,48.8,24,1004.1,22,980,24,8.1,24,13.9,24,19,29.9,59, ,51.1, ,0.5,G,999.9,10000
72530094846,10/31/2021,41.96017,-87.93164,204.8,CHICAGO OHARE INTERNATIONAL AIRPORT - IL US,48.7,24,41.1,24,1011.3,24,986.8,24,10,24,8.3,24,15,21,59, ,45, ,0.04,G,999.9,0
72530094846,11/1/2021,41.96017,-87.93164,204.8,CHICAGO OHARE INTERNATIONAL AIRPORT - IL US,41.4,24,28.1,24,1023.9,24,999,24,10,24,7.3,24,14,21,53.1, ,35.1, ,0,G,999.9,0
72530094846,11/2/2021,41.96017,-87.93164,204.8,CHICAGO OHARE INTERNATIONAL AIRPORT - IL US,39.6,24,25.2,24,1026.8,24,1.7,24,10,24,7.2,24,13,20,48.9, ,32, ,0,G,999.9,0
72530094846,11/3/2021,41.96017,-87.93164,204.8,CHICAGO OHARE INTERNATIONAL AIRPORT - IL US,36.9,24,24.4,24,1029,24,3.6,24,10,24,4.6,24,8.9,15.9,46.9, ,28.9, ,0,G,999.9,0
72530094846,11/4/2021,41.96017,-87.93164,204.8,CHICAGO OHARE INTERNATIONAL AIRPORT - IL US,37.8,24,24.3,24,1027.7,24,2.4,24,10,24,3.9,24,8.9,999.9,46.9, ,28.9, ,0,G,999.9,0
72530094846,11/5/2021,41.96017,-87.93164,204.8,CHICAGO OHARE INTERNATIONAL AIRPORT - IL US,41.5,24,28.6,24,1027,24,1.8,24,10,24,6.5,24,12,19,52, ,29.1, ,0,G,999.9,0
72530094846,11/6/2021,41.96017,-87.93164,204.8,CHICAGO OHARE INTERNATIONAL AIRPORT - IL US,45.9,24,31.9,24,1023,24,997.9,24,10,24,7.7,24,12,21,59, ,34, ,0,G,999.9,0
72530094846,11/7/2021,41.96017,-87.93164,204.8,CHICAGO OHARE INTERNATIONAL AIRPORT - IL US,52.4,24,39.6,24,1020,24,995.3,24,9.9,24,8.1,24,14,22.9,64.9, ,36, ,0,G,999.9,0
72530094846,11/8/2021,41.96017,-87.93164,204.8,CHICAGO OHARE INTERNATIONAL AIRPORT - IL US,55.9,24,42.6,24,1018.2,24,993.9,24,10,24,9.2,24,14,22.9,64.9, ,41, ,0,G,999.9,0
72530094846,11/9/2021,41.96017,-87.93164,204.8,CHICAGO OHARE INTERNATIONAL AIRPORT - IL US,54.7,24,47.3,24,1020.4,24,996,24,9.4,24,7.1,24,13,20,64.9, ,48.9, ,0,G,999.9,0
72530094846,11/10/2021,41.96017,-87.93164,204.8,CHICAGO OHARE INTERNATIONAL AIRPORT - IL US,47.8,24,41,24,1020.5,24,995.6,24,9.7,24,6.1,24,13,999.9,57.9, ,37.9, ,0,G,999.9,10000
72530094846,11/11/2021,41.96017,-87.93164,204.8,CHICAGO OHARE INTERNATIONAL AIRPORT - IL US,52.7,24,45.4,24,1006,19,981,24,8.8,24,11.5,24,18.1,32.1,71.1, ,37.9, ,0,G,999.9,10000
72530094846,11/12/2021,41.96017,-87.93164,204.8,CHICAGO OHARE INTERNATIONAL AIRPORT - IL US,40.6,24,31.9,24,1005.9,22,981.4,24,9.5,24,11.8,24,18.1,33,57, ,35.1, ,0.44,G,999.9,11000
72530094846,11/13/2021,41.96017,-87.93164,204.8,CHICAGO OHARE INTERNATIONAL AIRPORT - IL US,37.1,24,30.8,24,1012.3,13,987.5,24,9.8,24,10.1,24,13,21,43, ,35.1, ,0.05,G,999.9,11000
72530094846,11/14/2021,41.96017,-87.93164,204.8,CHICAGO OHARE INTERNATIONAL AIRPORT - IL US,35.6,24,29.9,24,1009,17,984.3,24,8.6,24,12,24,20,31.1,39, ,33.1, ,0.03,G,999.9,11000
72530094846,11/15/2021,41.96017,-87.93164,204.8,CHICAGO OHARE INTERNATIONAL AIRPORT - IL US,32.9,24,23.5,24,1017.9,24,992.9,24,9.7,24,6.2,24,13,22,37, ,30, ,0.01,G,999.9,1000
72530094846,11/16/2021,41.96017,-87.93164,204.8,CHICAGO OHARE INTERNATIONAL AIRPORT - IL US,37.7,24,30.3,24,1017.5,23,992.6,24,9.5,24,4.8,24,12,22,48.9, ,30, ,0.01,G,999.9,0
72530094846,11/17/2021,41.96017,-87.93164,204.8,CHICAGO OHARE INTERNATIONAL AIRPORT - IL US,54.7,24,49.4,24,1008.7,17,984.4,24,8.6,24,10.2,24,17.1,27,61,*,46.9,*,0,G,999.9,10000
72530094846,11/18/2021,41.96017,-87.93164,204.8,CHICAGO OHARE INTERNATIONAL AIRPORT - IL US,36.9,24,22.9,24,1019.1,21,995,24,10,24,12.4,24,20,31.1,61, ,32, ,0.13,G,999.9,1000
72530094846,11/19/2021,41.96017,-87.93164,204.8,CHICAGO OHARE INTERNATIONAL AIRPORT - IL US,32.8,24,18.7,24,1030.6,24,5.1,24,10,24,7.6,24,17.1,25.1,39.9, ,26.1, ,0,G,999.9,1000
72530094846,11/20/2021,41.96017,-87.93164,204.8,CHICAGO OHARE INTERNATIONAL AIRPORT - IL US,39.7,24,26.1,24,1023,24,997.7,24,10,24,8.9,24,14,20,50, ,27.1, ,0,G,999.9,0
72530094846,11/21/2021,41.96017,-87.93164,204.8,CHICAGO OHARE INTERNATIONAL AIRPORT - IL US,43.5,24,32.4,24,1018,24,993,24,9.9,24,5.5,24,19,34,55, ,35.1, ,0,G,999.9,10000
72530094846,11/22/2021,41.96017,-87.93164,204.8,CHICAGO OHARE INTERNATIONAL AIRPORT - IL US,31.2,24,10,24,1021.5,24,996.4,24,10,24,10.5,24,18.1,33,55, ,23, ,0,G,999.9,0
72530094846,11/23/2021,41.96017,-87.93164,204.8,CHICAGO OHARE INTERNATIONAL AIRPORT - IL US,31.7,24,11.5,24,1022.9,24,997.4,24,10,24,6.4,24,14,20,43, ,24.1, ,0,G,999.9,0
72530094846,11/24/2021,41.96017,-87.93164,204.8,CHICAGO OHARE INTERNATIONAL AIRPORT - IL US,41.9,24,26.4,24,1015.1,24,990.1,24,10,24,12.5,24,17.1,26,53.1, ,24.3, ,0,G,999.9,0
72530094846,11/25/2021,41.96017,-87.93164,204.8,CHICAGO OHARE INTERNATIONAL AIRPORT - IL US,44.1,24,37.4,24,1016.6,24,991.9,24,10,24,9.7,24,17.1,25.1,53.1, ,30, ,0.04,G,999.9,10000
72530094846,11/26/2021,41.96017,-87.93164,204.8,CHICAGO OHARE INTERNATIONAL AIRPORT - IL US,24.7,24,10.1,24,1023.6,24,998,24,10,24,8.3,24,17.1,27,30,*,19,*,0,G,999.9,0
72530094846,11/27/2021,41.96017,-87.93164,204.8,CHICAGO OHARE INTERNATIONAL AIRPORT - IL US,33.7,24,21,24,1013.4,24,988,24,10,24,6.8,24,9.9,999.9,42.1, ,19, ,0,G,999.9,10000
72530094846,11/28/2021,41.96017,-87.93164,204.8,CHICAGO OHARE INTERNATIONAL AIRPORT - IL US,34.8,24,20.6,24,1015.1,24,990.3,24,10,24,10.3,24,15.9,27,42.1, ,30, ,0,G,999.9,0
72530094846,11/29/2021,41.96017,-87.93164,204.8,CHICAGO OHARE INTERNATIONAL AIRPORT - IL US,33.1,24,14.9,24,1017.8,24,992.3,24,10,24,6.2,24,17.1,27,41, ,27, ,0,G,999.9,11000
72530094846,11/30/2021,41.96017,-87.93164,204.8,CHICAGO OHARE INTERNATIONAL AIRPORT - IL US,41.5,24,26,24,1013.5,24,989,24,10,24,8.5,24,13,19,53.1, ,27.1, ,0,G,999.9,0
72530094846,12/1/2021,41.96017,-87.93164,204.8,CHICAGO OHARE INTERNATIONAL AIRPORT - IL US,41.3,24,30.7,24,1015.6,22,990,24,9.9,24,5.4,24,13,21,53.1, ,34, ,0,G,999.9,10000
72530094846,12/2/2021,41.96017,-87.93164,204.8,CHICAGO OHARE INTERNATIONAL AIRPORT - IL US,51.2,24,35.6,24,1007.5,24,983.6,24,9.9,24,11,24,19,28,59, ,34, ,0,G,999.9,0
72530094846,12/3/2021,41.96017,-87.93164,204.8,CHICAGO OHARE INTERNATIONAL AIRPORT - IL US,45.7,24,31.5,24,1016.6,24,992,24,10,24,4.8,24,8.9,999.9,59, ,42.1, ,0,G,999.9,10000
72530094846,12/4/2021,41.96017,-87.93164,204.8,CHICAGO OHARE INTERNATIONAL AIRPORT - IL US,37.6,24,25.3,24,1023.7,20,998.5,24,8.3,24,6.6,24,11.1,15.9,51.1, ,30.9, ,0,G,999.9,100000
72530094846,12/5/2021,41.96017,-87.93164,204.8,CHICAGO OHARE INTERNATIONAL AIRPORT - IL US,37.6,24,20,24,1018.9,20,991.7,24,8.2,24,7.6,24,17.1,24.1,44.1, ,32, ,0,G,999.9,11000
72530094846,12/6/2021,41.96017,-87.93164,204.8,CHICAGO OHARE INTERNATIONAL AIRPORT - IL US,34.6,24,24,24,1010.6,23,985.4,24,9,24,13.6,24,22,33,41, ,24.1, ,0.26,G,999.9,11000
72530094846,12/7/2021,41.96017,-87.93164,204.8,CHICAGO OHARE INTERNATIONAL AIRPORT - IL US,18.3,24,0.2,24,1024.6,24,998.8,24,10,24,6.5,24,15.9,25.1,37.9, ,12.9, ,0,G,999.9,1000
72530094846,12/8/2021,41.96017,-87.93164,204.8,CHICAGO OHARE INTERNATIONAL AIRPORT - IL US,28.3,24,13,24,1015.9,24,990.7,24,10,24,7.8,24,12,999.9,35.1, ,12.9, ,0,G,999.9,0
72530094846,12/9/2021,41.96017,-87.93164,204.8,CHICAGO OHARE INTERNATIONAL AIRPORT - IL US,34.3,24,22.7,24,1011.9,24,986.4,24,9.9,24,7.3,24,14,21,46, ,25, ,0,G,999.9,0
72530094846,12/10/2021,41.96017,-87.93164,204.8,CHICAGO OHARE INTERNATIONAL AIRPORT - IL US,42,24,34.5,24,1009.5,23,984.6,24,9.1,24,6.7,24,14,20,46.9, ,28.2, ,0,G,999.9,10000
72530094846,12/11/2021,41.96017,-87.93164,204.8,CHICAGO OHARE INTERNATIONAL AIRPORT - IL US,45.3,24,38,24,1000.4,18,974.4,24,8.5,24,13.8,24,27,47,60.1, ,35.1, ,0.84,G,999.9,11000
72530094846,12/12/2021,41.96017,-87.93164,204.8,CHICAGO OHARE INTERNATIONAL AIRPORT - IL US,37.9,24,24.1,24,1018.2,24,993.2,24,10,24,10.6,24,17.1,26,57.9, ,32, ,0,G,999.9,0
72530094846,12/13/2021,41.96017,-87.93164,204.8,CHICAGO OHARE INTERNATIONAL AIRPORT - IL US,42.5,24,28.1,24,1020.5,24,995.8,24,10,24,10.8,24,18.1,27,48.9, ,32, ,0,G,999.9,0
72530094846,12/14/2021,41.96017,-87.93164,204.8,CHICAGO OHARE INTERNATIONAL AIRPORT - IL US,40.7,24,31.6,24,1026.3,24,1.1,24,9.9,24,3.7,24,9.9,999.9,54, ,32, ,0,G,999.9,0
72530094846,12/15/2021,41.96017,-87.93164,204.8,CHICAGO OHARE INTERNATIONAL AIRPORT - IL US,56.2,24,50.1,24,1013.8,18,990.5,24,9.3,24,12.6,24,20,34,64.9,*,48.9,*,0.03,G,999.9,10000
72530094846,12/16/2021,41.96017,-87.93164,204.8,CHICAGO OHARE INTERNATIONAL AIRPORT - IL US,51.5,24,41,24,1006.8,23,982,24,9.8,24,20.5,24,32.1,52.1,66.2,*,37.9,*,0,G,999.9,10000
72530094846,12/17/2021,41.96017,-87.93164,204.8,CHICAGO OHARE INTERNATIONAL AIRPORT - IL US,32.9,24,20.4,24,1022.1,24,997,24,10,24,7.3,24,14,22.9,37.9,*,27,*,0,G,999.9,0
72530094846,12/18/2021,41.96017,-87.93164,204.8,CHICAGO OHARE INTERNATIONAL AIRPORT - IL US,37.2,24,30.4,24,1019.5,18,993.7,24,8.5,24,9.5,24,13,22,39.9, ,27.1, ,0.04,G,999.9,11000
72530094846,12/19/2021,41.96017,-87.93164,204.8,CHICAGO OHARE INTERNATIONAL AIRPORT - IL US,32.4,24,22.3,24,1026.3,24,1.1,24,10,24,6.2,24,12,15.9,39.9, ,28, ,0.02,G,999.9,0
72530094846,12/20/2021,41.96017,-87.93164,204.8,CHICAGO OHARE INTERNATIONAL AIRPORT - IL US,34.1,24,26.2,24,1021.5,24,996.2,24,10,24,10.7,24,15,25.1,42.1, ,28.9, ,0,G,999.9,0
72530094846,12/21/2021,41.96017,-87.93164,204.8,CHICAGO OHARE INTERNATIONAL AIRPORT - IL US,32.4,24,23.4,24,1015.1,24,989.8,24,10,24,7.6,24,19,28.9,42.1, ,23, ,0,G,999.9,0
72530094846,12/22/2021,41.96017,-87.93164,204.8,CHICAGO OHARE INTERNATIONAL AIRPORT - IL US,26.4,24,11.5,24,1014.7,24,989.8,24,10,24,9.4,24,19,31.1,39.9, ,19, ,0,G,999.9,0
72530094846,12/23/2021,41.96017,-87.93164,204.8,CHICAGO OHARE INTERNATIONAL AIRPORT - IL US,34.1,24,21.9,24,1013.3,24,987.8,24,10,24,7.1,24,14,22,46, ,19.9, ,0,G,999.9,0
72530094846,12/24/2021,41.96017,-87.93164,204.8,CHICAGO OHARE INTERNATIONAL AIRPORT - IL US,42.6,24,38.3,24,1004.4,18,979.4,24,7.3,24,6.1,24,12,19,55, ,27.1, ,0,G,999.9,100000
72530094846,12/25/2021,41.96017,-87.93164,204.8,CHICAGO OHARE INTERNATIONAL AIRPORT - IL US,49.1,24,40.2,24,1002.7,20,977.8,24,9.1,24,9.6,24,15.9,18.1,57, ,34, ,0.03,G,999.9,10000
72530094846,12/26/2021,41.96017,-87.93164,204.8,CHICAGO OHARE INTERNATIONAL AIRPORT - IL US,34.8,24,27.7,24,1016.7,23,992,24,10,24,4.5,24,14,19,55, ,26.1, ,0,I,999.9,0
72530094846,12/27/2021,41.96017,-87.93164,204.8,CHICAGO OHARE INTERNATIONAL AIRPORT - IL US,39.9,24,35.3,24,1008.4,14,982.1,24,5.7,24,9.6,24,19,29.9,46, ,26.2, ,0.69,G,999.9,110010
72530094846,12/28/2021,41.96017,-87.93164,204.8,CHICAGO OHARE INTERNATIONAL AIRPORT - IL US,33.7,24,26.8,24,1010,20,984.1,24,7.8,24,7,24,14,17.1,46, ,30, ,0.32,G,1.2,111000
72530094846,12/29/2021,41.96017,-87.93164,204.8,CHICAGO OHARE INTERNATIONAL AIRPORT - IL US,34.7,24,28.5,24,1010.1,21,984.9,24,6.6,24,6.3,24,11.1,999.9,37, ,30.2, ,0.38,G,1.2,10000
72530094846,12/30/2021,41.96017,-87.93164,204.8,CHICAGO OHARE INTERNATIONAL AIRPORT - IL US,31.5,24,25,24,1012.8,19,987.8,24,8.1,24,5.2,24,9.9,999.9,37, ,28, ,0.01,G,1.2,11000
72530094846,12/31/2021,41.96017,-87.93164,204.8,CHICAGO OHARE INTERNATIONAL AIRPORT - IL US,36.6,24,31.4,24,1008.7,17,983,24,7,24,5.7,24,14,24.1,43, ,28.2, ,0,G,999.9,10000
